State,Year,Aggravated assault,All other offenses (except traffic),Arson,Burglary,Curfew and loitering law violations,Disorderly conduct,Driving under the influence,Drug abuse violations,Drunkenness,Embezzlement,Forcible rape,Forgery and counterfeiting,Fraud,Gambling,Larceny-theft,Liquor laws,Motor vehicle theft,Murder and nonnegligent manslaughter,Offenses against the family and children,Other assaults,Population,Property crime,Prostitution and commercialized vice,Robbery,Runaways,Sex offenses (except forcible rape and prostitution),"Stolen property; buying, receiving, possessing",Suspicion,Total all classes ,Vagrancy,Vandalism,Violent crime,"Weapons; carrying, possessing, etc.",
ALABAMA  ,2010,2678,70047,108,2183,96,3192,13191,8213,6140,163,230,1178,6370,47,12691,3697,658,176,1022,17457,4421075,15640,74,688,,412,1496,0,155266,97,1878,3772,1084,
ALASKA,2010,2085,16191,33,486,20,1083,4997,2491,496,96,88,118,283,10,3141,2492,280,25,315,5220,705910,3940,161,264,,324,35,11,42084,16,903,2462,420,
ARIZONA,2010,5883,79591,198,4185,3086,16653,36200,30349,3,213,193,1901,2062,268,32822,24236,1411,315,2336,24471,6783974,38616,956,1708,,1626,1145,0,286906,1368,11026,8099,2701,
ARKANSAS,2010,2643,52917,54,2027,462,2755,8616,9753,7168,44,164,670,2001,10,9179,1950,286,67,85,9193,2166546,11546,269,398,,163,777,0,114029,333,1249,3272,796,
CALIFORNIA ,2010,88102,314204,1133,51601,10066,12433,195276,241547,105388,1264,1909,6932,8367,497,86717,17007,12957,1548,246,84758,37923361,152408,11344,18163,,11949,16356,0,1357573,4640,24795,109722,28374,
COLORADO,2010,4471,83255,208,2483,1484,10213,27833,15294,1723,112,441,752,1861,4,19510,12479,971,120,3057,13880,5098950,23172,417,907,,841,647,29,210253,370,5201,5939,1690,
CONNECTICUT,2010,3644,31132,154,2787,32,14206,9621,17092,1,174,234,747,1357,31,13514,1077,646,104,1519,23722,3402212,17101,445,1431,,574,463,0,128670,30,2548,5413,1385,
DELAWARE,2010,1750,4865,44,1145,105,2316,211,5395,607,183,86,480,1678,12,5773,1821,117,31,187,7672,897934,7079,27,600,,156,448,0,37917,876,941,2467,391,
FLORIDA    ,2010,33270,500643,406,28392,,,52346,141831,,815,1546,3562,14989,384,96923,32637,5607,852,,90096,18791299,131328,5048,9419,,2990,3160,,1038651,,7717,45087,6018,
GEORGIA,2010,9871,96605,240,8602,526,26197,28712,41312,3432,419,341,5083,7735,585,39197,10077,2176,410,4421,32790,9826626,50215,1414,2892,,3910,3592,42,340098,1544,3765,13514,4208,
HAWAII,2010,870,23060,30,512,164,791,5922,2078,0,51,111,129,403,38,4229,1157,426,22,26,4862,1207055,5197,296,375,,263,141,0,46875,0,694,1378,225,
IDAHO,2010,1123,23241,51,986,462,2544,10458,6349,305,65,104,218,440,0,5473,4934,183,13,756,5667,1466441,6693,13,105,,300,227,0,65624,11,1094,1345,502,
ILLINOIS ,2010,4273,19806,59,2721,285,13990,3966,42934,0,1,434,246,282,3059,13185,1256,3118,264,377,21421,12989829,19083,2525,2594,,700,47,0,145657,141,4041,7565,3932,
INDIANA,2010,3347,32330,92,2902,709,4353,17405,16728,10686,6,109,1069,1441,18,17392,10131,688,115,1428,12163,6819446,21074,203,762,,903,889,154,139062,100,1763,4333,1176,
IOWA,2010,3660,25917,115,1871,607,6400,11548,9031,11549,101,105,465,851,8,11615,7509,387,20,947,10061,2674284,13988,123,273,,210,179,0,106800,13,2751,4058,484,
KANSAS,2010,2056,21873,73,1003,0,3175,12969,8122,340,167,179,465,1216,1,5815,6354,339,43,232,11615,1978746,7230,185,284,,296,299,0,79565,0,1818,2562,646,
KENTUCKY,2010,2018,42942,84,3216,51,5357,21148,18277,19213,295,222,1452,811,15,13066,469,407,113,3630,9553,4042574,16773,275,1075,,360,1660,0,148208,496,991,3428,1012,
LOUISIANA,2010,8043,45602,102,3812,133,7229,8143,19324,2406,159,192,629,1884,61,18008,2176,688,163,1092,15633,4616792,22610,257,906,,593,1279,95,142872,212,2301,9304,1750,
MAINE,2010,403,16420,103,1493,59,1924,6203,5933,35,43,68,319,742,2,6209,4961,234,19,107,6637,1328361,8039,10,201,,285,211,0,54566,10,1522,691,413,
MARYLAND,2010,7117,90034,409,5813,321,6544,18526,44888,1,275,305,1082,1794,240,21528,6748,1791,271,2064,27873,5704436,29541,1465,3385,,1252,181,256,251633,161,3654,11078,3655,
MASSACHUSETTS,2010,10667,36299,136,3934,4,7942,11634,12086,7443,148,383,676,1422,15,15199,4601,768,87,2134,22612,6131066,20037,905,1850,,657,1478,54,148282,10,3541,12987,1597,
MICHIGAN,2010,9733,78982,281,6211,886,9709,34882,34513,348,925,665,764,5152,118,26782,16732,1988,187,2774,30457,9249545,35262,446,2567,,1010,1799,0,275769,332,3406,13152,4120,
MINNESOTA ,2010,4019,34547,177,2833,2091,13095,24978,17501,1,39,,1179,2721,19,24552,22990,980,90,664,16873,5303925,28542,966,1037,,1463,1736,0,180703,554,3908,,1690,
MISSISSIPPI,2010,1103,38018,74,2525,466,7081,11005,11004,5200,497,142,662,1662,126,8970,1858,352,116,3480,11391,2569211,11921,149,612,,393,662,88,109802,136,1071,1973,959,
MISSOURI,2010,7849,95900,302,6066,1947,12951,29655,33964,553,230,374,1986,2894,99,32812,10241,1473,145,4138,29970,5974070,40653,338,1851,,2010,2847,0,289495,219,5387,10219,3294,
MONTANA,2010,672,4398,29,233,359,2830,3659,1494,0,21,25,38,153,0,3259,3040,198,9,347,3270,858976,3719,1,54,,66,15,0,25058,4,801,760,83,
NEBRASKA,2010,1484,16296,78,863,292,3730,12488,10177,0,54,163,497,1425,10,8782,10526,358,60,1386,8870,1641088,10081,148,332,,609,790,0,83132,37,2807,2039,870,
NEVADA,2010,4445,53453,100,2521,2164,2634,13412,16268,228,408,143,880,1545,19,12513,8557,538,113,1327,16820,2397300,15672,3738,1576,,1355,1494,2,152050,1686,2514,6277,1597,
NEW HAMPSHIRE,2010,510,13790,37,587,17,1450,4355,3915,3602,38,63,211,762,5,3507,4411,69,5,178,6438,1144113,4200,24,187,,162,663,0,46438,52,1284,765,116,
NEW JERSEY,2010,8271,138472,280,5951,3419,19974,26016,49072,0,169,313,1681,3798,106,26635,6640,642,254,13284,26206,8598088,33508,1489,3825,,1441,3182,0,351747,839,5488,12663,4300,
NEW MEXICO,2010,3778,47950,164,1636,10,3522,11307,8814,845,207,122,296,613,37,10178,5189,384,86,1351,10545,2807829,12362,347,330,,210,585,77,110709,50,1368,4316,708,
NEW YORK ,2010,9724,72360,326,8256,0,14017,36578,62519,0,103,503,2742,6487,147,45462,4620,2051,234,623,37980,19600548,56095,783,3372,,3708,5008,0,338474,868,16304,13833,3699,
NORTH CAROLINA,2010,13789,135390,369,15196,0,13958,50907,33170,0,1473,598,2064,17435,81,43788,9634,1180,553,6577,54262,9886978,60533,1145,3671,,1504,4543,0,425700,279,7407,18611,6727,
NORTH DAKOTA,2010,351,4577,10,232,249,2167,3945,1938,196,35,39,77,613,0,2449,5072,129,7,113,1846,605751,2820,5,31,,82,143,0,24900,1,475,428,118,
OHIO,2010,3940,64347,222,6725,1267,19318,36259,31465,3602,37,511,1509,2902,45,30710,11723,935,183,4172,36172,11539835,38592,1724,2790,,799,3436,79,272655,39,4516,7424,3228,
OKLAHOMA,2010,4495,41812,253,3017,1974,2846,17446,19714,21859,487,243,795,2278,46,14892,2551,442,161,895,9387,3706617,18604,247,761,,660,2233,0,153958,1111,1431,5660,1922,
OREGON,2010,2738,18324,255,2343,1504,9421,13600,15600,0,37,222,745,1586,1,19943,14350,1165,82,468,12414,3337173,23706,296,971,,1102,339,0,123440,5,4438,4013,1491,
PENNSYLVANIA,2010,15836,53938,644,9389,19166,58285,51402,55858,24949,400,975,2703,7404,139,46175,22405,2595,556,1206,48237,12300834,58803,1958,6896,,2681,2792,0,452862,1338,10642,24263,4293,
RHODE ISLAND,2010,606,12177,52,834,4,3376,2574,3782,17,110,61,143,585,0,2748,1162,151,9,101,4815,1040938,3785,103,270,,107,393,0,35893,0,1305,946,408,
SOUTH CAROLINA,2010,6789,31280,129,4484,115,15479,19245,30435,11706,403,305,1676,7358,321,20805,9613,838,239,1136,21652,4393409,26256,624,1486,,562,2063,0,195496,961,3386,8819,2406,
SOUTH DAKOTA,2010,451,2371,12,353,196,1765,4883,2903,68,32,47,102,598,0,2942,5066,112,11,254,3469,732552,3419,22,39,,57,94,0,26717,171,537,548,162,
TENNESSEE,2010,12095,125823,219,6384,1938,9884,20589,37512,17104,719,335,2478,6438,408,32097,6102,1737,253,2359,29574,5932498,40437,2387,2296,,737,775,0,327693,35,4306,14979,3109,
TEXAS,2010,22842,335855,567,19493,8459,37961,93533,136966,130295,522,1851,6958,13033,624,115161,26607,4656,767,5414,112198,24862112,139877,7554,7612,,4301,908,0,1120190,2184,13205,33072,10664,
UTAH,2010,1345,40909,80,1406,1175,5224,7170,10728,4337,20,238,953,1091,1,18872,10063,325,43,1562,11330,2669959,20683,414,444,,848,774,0,125124,212,4300,2070,1260,
VERMONT,2010,367,2353,18,306,0,553,2461,1156,3,37,77,50,225,0,1208,428,80,6,293,1346,645701,1612,5,19,,14,105,0,11458,0,339,469,9,
VIRGINIA,2010,4608,122233,265,4486,2737,5701,28680,33666,34766,1646,366,2268,7425,78,30893,13618,1045,293,2072,42988,7864147,36689,689,2005,,1217,999,0,353473,233,4719,7272,3777,
WASHINGTON,2010,5038,66995,223,5059,34,4835,34098,20644,10,85,583,1238,954,7,25895,8434,1237,108,562,26736,6269545,32414,836,1898,,876,2489,0,217761,54,6292,7627,2541,
WEST VIRGINIA,2010,1625,11561,53,875,64,1098,4922,6235,3388,139,60,434,802,10,4839,1711,193,26,87,6347,1488466,5960,114,178,,125,345,0,46370,7,822,1889,310,
WISCONSIN,2010,4711,91312,142,3949,4263,49517,29549,22651,5,164,626,1027,3817,165,28916,28373,958,139,2215,16488,5037442,33965,358,1777,,2311,1483,2,309381,2977,8168,7253,3318,
WYOMING,2010,422,10269,19,350,429,1313,5810,3103,2374,4,38,74,200,0,2418,3760,84,6,194,3168,559126,2871,7,23,,148,68,15,35170,27,748,489,99,
ALABAMA  ,2009,3485,75466,125,4031,27,4093,13924,15180,8868,158,325,1569,7614,120,19080,4854,868,292,860,24341,4682108,24104,296,1657,184,550,1932,0,193586,274,2034,5759,1379,
ALASKA,2009,1763,15579,42,390,16,949,5428,2050,367,90,77,116,276,0,3236,2391,269,22,315,4947,682496,3937,217,283,166,191,37,3,40349,0,764,2145,365,
ARIZONA,2009,6722,93012,228,4547,4768,18713,39260,35087,6,260,226,2407,2255,3,37430,30113,1911,202,2998,27565,6505613,44116,1503,2214,4685,1906,1234,0,336686,1919,12319,9364,3193,
ARKANSAS,2009,3003,50341,76,2767,747,3457,10130,11213,8932,38,240,815,2736,34,12587,1988,355,113,150,10525,2470159,15785,298,632,272,176,968,0,125958,653,1554,3988,1158,
CALIFORNIA ,2009,95937,345823,1271,55269,11539,13569,208831,251740,115611,1557,2044,8128,9542,658,93762,17948,14442,1811,272,91615,36772788,164744,12904,21577,3522,13831,17271,0,1474004,4167,29528,121369,29835,
COLORADO,2009,4795,76023,227,2792,1652,10988,27043,16658,229,168,421,1004,2482,11,21589,13169,1218,166,2855,14544,4524405,25826,651,1088,4227,921,659,10,213163,166,5571,6470,1836,
CONNECTICUT,2009,5023,33772,99,2938,52,16146,10178,17757,1,224,247,819,1603,73,15351,1507,654,118,1530,23501,3518288,19042,346,1473,3,614,423,0,138703,45,2719,6861,1487,
DELAWARE,2009,1977,5791,59,1215,188,2048,230,5752,674,237,105,599,1914,15,6044,2302,130,31,229,8597,884338,7448,67,716,0,173,422,0,42366,1258,1183,2829,410,
DISTRICT OF COLUMBIA,2009,44,5328,0,0,3,286,49,121,81,0,0,2,2,2,121,1713,22,0,0,278,,143,0,96,0,0,12,0,8416,167,50,140,39,
FLORIDA,2009,36474,478848,390,29681,,,53004,146056,,957,1642,4220,15129,356,108081,37715,6859,779,,91706,18514171,145011,5296,10964,,3300,3227,,1049817,,8225,49859,6908,
GEORGIA,2009,9126,84454,244,8189,663,27605,26982,39395,3385,362,339,4702,7095,351,35352,11456,2180,430,3195,30273,9766841,45965,1702,3119,2108,3700,3406,703,320569,1818,3760,13014,4475,
HAWAII,2009,852,23382,33,528,196,782,5588,2055,0,62,120,198,513,19,4277,1471,488,16,32,4914,1150076,5326,315,406,4161,298,111,0,51974,105,815,1394,237,
IDAHO,2009,1313,25185,80,1027,534,2668,12226,5751,351,88,117,183,484,0,6018,6448,193,16,785,5882,1519531,7318,5,122,1437,333,174,0,73268,7,1292,1568,549,
ILLINOIS,2009,4592,21964,71,3028,489,14961,4250,43536,0,2,464,319,323,3046,15249,1288,3832,380,344,22945,13006374,22180,3473,2875,7,832,54,0,157242,105,4641,8311,4172,
INDIANA,2009,5494,54613,184,4217,755,7822,22618,23203,16936,6,210,1425,1671,36,23753,12250,1443,202,1510,21160,6679770,29597,1185,1804,2764,1427,6608,102,217684,54,2319,7710,1913,
IOWA,2009,3403,26646,95,1937,545,6114,13516,8376,10917,102,90,562,1002,6,12151,8663,442,27,954,10170,2756917,14625,141,418,393,210,220,0,110553,22,2945,3938,486,
KANSAS,2009,1848,18966,66,902,0,3662,13223,6316,308,148,150,401,1195,0,5842,5957,316,46,211,10738,1813396,7126,239,282,1261,261,215,0,75034,0,1818,2326,663,
KENTUCKY,2009,2143,34029,116,2714,16,4828,19733,18553,17260,107,196,1243,1759,28,12364,374,347,142,3021,8803,4295577,15541,379,1055,75,331,1437,0,133542,482,951,3536,1056,
LOUISIANA,2009,8484,40141,144,3675,421,7581,8488,19334,2578,235,224,574,2029,59,17812,2274,728,182,1404,15489,4410236,22359,288,1004,349,648,1314,12,139698,265,2355,9894,1607,
MAINE,2009,416,16634,80,1362,90,1886,6861,5897,40,37,83,276,878,3,6481,5528,250,19,104,6878,1316989,8173,27,194,103,245,194,0,56567,9,1581,712,411,
MARYLAND,2009,7519,98707,489,6595,226,7082,23180,51629,0,349,442,1239,1989,314,26228,7446,2467,318,2223,29465,5674380,35779,1322,4185,443,1374,164,417,283407,135,3870,12464,3590,
MASSACHUSETTS,2009,10475,35618,97,3758,10,8134,12369,12127,7144,139,323,696,1547,21,15546,5077,696,76,1853,22234,6130470,20097,836,2129,249,711,1457,21,148266,16,3393,13003,1514,
MICHIGAN,2009,9905,86060,292,6461,910,9813,38941,34910,332,1010,633,893,5912,154,29569,18679,2495,221,2921,30626,9569737,38817,732,2571,1037,954,1729,0,296005,291,3684,13330,4270,
MINNESOTA ,2009,3991,32761,184,3001,3047,13099,26240,17040,0,51,111,1356,3066,19,26251,25784,1103,103,754,17220,5094567,30539,1087,1214,4060,1444,1862,0,191480,432,4342,5419,1858,
MISSISSIPPI,2009,1160,40364,106,2673,492,8928,12644,13240,6062,733,139,847,2042,163,10191,2181,385,109,3561,12861,2630766,13355,225,657,222,389,755,118,123587,119,1136,2065,1085,
MISSOURI,2009,8856,105040,305,6654,1832,14097,33020,35321,249,221,531,2229,3367,101,35072,12897,2781,388,4515,34915,5943053,44812,569,2394,2867,2342,3083,0,324277,172,6642,12169,3817,
MONTANA,2009,796,5579,31,248,553,3216,4373,1539,0,33,27,58,183,0,3979,4581,227,18,320,3761,905870,4485,1,52,504,57,21,0,31237,12,1006,893,62,
NEBRASKA,2009,1373,15917,92,883,292,3993,13016,9731,0,103,158,440,1529,19,8824,10741,348,35,1467,8968,1591339,10147,180,377,448,614,739,0,84107,30,2887,1943,903,
NEVADA,2009,5110,58500,150,3018,2697,3417,15234,16976,145,505,194,1254,1765,33,14367,10299,715,149,1209,18590,2546856,18250,4561,2048,1040,1555,2006,10,172548,2123,2928,7501,1950,
NEW HAMPSHIRE,2009,470,14268,54,550,27,1500,4676,4020,4022,47,45,221,774,3,3624,5436,115,3,188,6499,1160414,4343,46,176,338,175,571,0,49351,78,1317,694,108,
NEW JERSEY,2009,8745,152857,313,6231,5659,21799,27345,52461,0,145,362,1766,5039,275,27505,6956,796,229,14411,27102,8522309,34845,1372,4413,3803,1543,3739,0,387595,1483,6398,13749,4848,
NEW MEXICO,2009,3168,41453,101,1302,15,3079,11674,6478,778,141,105,154,403,0,8891,4488,445,69,1262,8606,2531579,10739,287,296,449,150,583,50,95965,65,872,3638,601,
NEW YORK,2009,10504,76371,412,8158,0,14615,36093,60543,0,154,522,3473,7114,237,48308,5165,2186,279,1315,36315,19719319,59064,871,4323,0,4073,5416,0,347436,875,16078,15628,4036,
NORTH CAROLINA,2009,13104,111324,283,14315,0,12200,50261,33062,0,1353,474,2205,17284,111,42756,8567,1191,483,6546,48526,8933046,58545,1080,3729,1093,1185,4485,0,389370,0,7299,17790,6454,
NORTH DAKOTA,2009,378,5312,15,331,328,1867,3904,1851,399,32,38,108,728,1,2604,5430,175,8,188,2020,611734,3125,4,41,535,104,124,0,27209,4,548,465,132,
OHIO,2009,3400,68869,287,6370,1570,21065,18993,30904,4096,47,466,1497,3274,131,31106,12405,1343,232,5165,36372,11137156,39106,1891,3244,673,960,3615,41,266624,55,5035,7342,3518,
OKLAHOMA,2009,4643,39640,251,2975,1877,3627,18996,20311,22586,552,261,820,2737,10,15850,2679,481,197,942,9707,3526827,19557,411,852,2502,784,2405,0,159508,3,1443,5953,1966,
OREGON,2009,2885,19711,226,2447,1785,8818,14477,15469,0,42,245,763,1300,4,20349,16900,1103,72,602,14044,3612440,24125,660,1012,1571,1226,386,0,132035,8,4474,4214,1456,
PENNSYLVANIA,2009,15136,51764,626,9278,22221,59739,50177,52549,23852,419,1090,2529,7895,162,44895,23047,2753,526,1072,44291,12813884,57552,1871,6753,1654,2625,2747,0,446511,1342,11442,23505,4056,
RHODE ISLAND,2009,563,10891,59,801,18,3128,2601,4081,9,128,66,140,642,3,3012,894,117,12,172,4404,1018309,3989,97,282,30,102,352,0,34247,2,1184,923,457,
SOUTH CAROLINA,2009,7204,35530,139,4512,61,16183,16993,27548,11750,418,341,1818,10245,337,20015,10325,868,234,1307,20497,4397223,25534,642,1656,433,573,2036,0,198552,1239,3212,9435,2436,
SOUTH DAKOTA,2009,358,2197,10,330,114,1843,5720,2868,96,40,59,95,688,0,3162,5023,134,7,404,3260,774759,3636,14,42,662,77,86,0,28206,167,610,466,140,
TENNESSEE,2009,9785,92060,205,6270,1992,9941,24141,35812,19681,879,313,2983,7757,443,33703,7110,1746,321,2004,31772,5889352,41924,2531,2731,1831,708,863,0,305259,71,4362,13150,3244,
TEXAS,2009,23622,340401,663,20432,11644,40885,93856,144329,139684,492,1908,7768,12843,688,117211,28517,5212,823,5271,116411,24280041,143518,8604,8330,12162,4139,901,0,1174813,2530,14122,34683,11365,
UTAH,2009,1484,45602,113,1471,1375,5839,7805,11224,5123,28,191,1062,1171,53,18657,11099,436,37,2010,11915,2747172,20677,550,515,593,886,795,0,135850,215,4293,2227,1308,
VERMONT,2009,447,3310,19,351,0,830,3396,1433,5,48,61,76,316,0,1676,686,101,6,361,1794,605536,2147,7,25,2,41,146,0,15630,0,469,539,24,
VIRGINIA,2009,4205,107897,279,4304,2221,5575,27623,29780,32711,1660,300,2229,8195,89,29782,11864,919,267,1484,37837,7481379,35284,848,1866,3707,1063,991,0,326202,173,4621,6638,3712,
WASHINGTON,2009,4868,69313,243,4453,30,4542,16421,16561,6,100,620,1459,1007,3,26871,9738,1204,138,702,26202,5880479,32771,795,1954,1446,988,2215,0,200290,52,5981,7580,2378,
WEST VIRGINIA,2009,1153,13475,28,791,65,1041,4780,6167,3753,109,63,383,764,12,5016,1803,180,42,74,5841,925274,6015,125,201,36,169,254,0,47529,11,888,1459,305,
WISCONSIN,2009,5157,106694,185,4449,5492,58992,38215,24446,0,225,633,1340,5069,214,34590,36051,1241,142,2602,18164,5389299,40465,371,1589,3281,2600,1664,0,369962,3111,9481,7521,3964,
WYOMING,2009,488,11643,12,286,479,1329,6662,2807,2700,13,43,114,225,3,2645,3934,118,16,215,3370,539500,3061,14,30,406,164,63,30,38737,50,765,577,113,
ALABAMA  ,2008,3823,81944,127,4110,32,4862,14991,16488,11087,153,356,1818,8381,58,19192,6077,1067,315,1055,26590,4772968,24496,260,2047,359,582,2295,0,212192,300,2277,6541,1546,
ALASKA,2008,1770,15379,46,457,1,836,5538,1716,108,106,54,87,275,0,3337,1692,268,22,320,4076,666481,4108,159,275,337,166,38,4,38294,3,879,2121,345,
ARIZONA,2008,6687,94437,262,5086,5066,18150,39746,34242,12,322,185,3207,2352,7,33963,29984,2593,310,3026,25778,6414715,41904,1602,2044,5223,1773,1285,0,334238,1535,11680,9226,3681,
ARKANSAS,2008,3814,56920,61,2992,772,3664,11707,11513,10454,54,194,937,3351,24,11967,2224,417,118,117,9701,2403738,15437,316,623,523,194,1224,113,138372,1200,1848,4749,1330,
CALIFORNIA ,2008,98906,358577,1487,56409,17697,15362,214828,268763,121180,2159,2088,9078,10294,615,95447,19649,17203,1850,380,93284,36555329,170546,13385,22391,4226,14502,18831,0,1547811,4364,33056,125235,31800,
COLORADO ,2008,4674,77600,226,2993,1844,11573,28198,17851,204,250,453,1025,2433,7,20936,15108,1298,155,2991,14746,4359586,25453,618,926,5056,903,760,10,221175,211,6072,6208,2054,
CONNECTICUT,2008,4335,28752,118,2846,48,15758,8235,16132,0,181,244,789,1471,37,13466,1443,711,110,1154,20336,3226747,17141,523,1245,15,579,433,0,123405,44,3001,5934,1399,
DELAWARE,2008,2059,6068,70,1102,100,2229,215,5895,769,277,138,607,2077,6,5403,2451,171,32,239,8584,873092,6746,132,713,0,202,525,0,42641,916,1184,2942,477,
DISTRICT OF COLUMBIA    ,2008,35,4201,0,0,1,240,32,79,54,0,0,3,4,1,73,2083,31,0,0,200,,104,1,39,0,0,19,0,7297,147,21,74,33,
FLORIDA    ,2008,38218,547648,380,31468,,,61852,159916,,1160,1770,5157,17336,464,109021,33084,9073,882,,90504,18294452,149942,6059,11870,,3452,3446,,1149818,,8966,52740,8092,
GEORGIA,2008,7898,67641,190,6654,867,22373,25421,34697,2540,363,313,3852,6738,319,28467,9391,2091,320,2638,23411,8995191,37402,1848,2958,1912,3402,3287,183,268869,763,3397,11489,4935,
HAWAII,2008,806,24948,31,601,283,771,5812,2022,0,74,102,156,423,31,3467,1185,424,18,47,4894,1145204,4523,421,393,4361,295,117,0,52818,0,937,1319,199,
IDAHO,2008,1212,24484,84,938,735,2442,11850,5514,439,112,102,156,490,1,5802,6494,185,14,622,5922,1435156,7009,21,97,1539,314,225,0,71854,9,1426,1425,625,
ILLINOIS ,2008,4973,24980,75,2894,552,17947,4909,45612,0,2,452,346,330,3604,15889,1317,4514,364,362,26438,12986566,23372,3616,2922,14,965,56,0,172433,11,5172,8711,4117,
INDIANA,2008,5891,54870,217,4475,730,8158,23475,22671,18536,15,262,1443,1978,38,23865,9883,1970,268,1790,20268,6658523,30527,1256,1930,3253,1516,7142,77,220709,36,2775,8351,1921,
IOWA,2008,3668,29057,141,1907,812,6642,14147,8497,12320,94,108,604,1155,13,11349,8846,553,50,870,10399,2765774,13950,129,404,548,237,210,0,116614,28,3307,4230,519,
KANSAS,2008,1976,20426,83,1054,0,3806,13080,6854,329,201,183,556,1427,9,5678,7284,372,47,261,11483,1895788,7187,227,285,1348,325,307,0,80352,0,2020,2491,731,
KENTUCKY,2008,1131,6169,62,1220,8,694,2363,7952,3487,5,33,573,260,11,5268,97,150,55,589,2552,4660796,6700,539,598,23,21,652,0,35973,383,467,1817,611,
LOUISIANA,2008,7780,35613,170,3840,493,12180,7977,17959,2970,300,238,528,1794,83,14812,6845,920,183,1186,15893,4471978,19742,412,1035,450,596,1328,87,140519,355,2744,9236,1748,
MAINE,2008,471,17541,63,1352,64,1886,7270,5778,43,51,72,311,886,4,6580,4782,330,8,93,6849,1314189,8325,26,184,102,275,189,0,57060,2,1492,735,356,
MARYLAND,2008,7847,104757,565,7411,236,7431,23714,57288,12,433,404,1093,2368,283,26879,6820,3292,307,2220,29510,5574256,38147,1337,4443,637,1343,241,591,300165,160,4215,13001,4328,
MASSACHUSETTS,2008,10022,33868,133,3725,13,8337,12941,19825,6021,155,310,623,1518,35,13906,4214,707,77,1295,21337,6819911,18471,1229,2065,293,696,1337,28,149582,19,3448,12474,1405,
MICHIGAN,2008,9190,80678,300,6251,802,9247,35534,31775,343,1176,578,915,5800,136,25696,20242,2919,142,2610,26868,9664761,35166,761,2488,1200,962,1851,0,276904,254,3569,12398,4617,
MINNESOTA ,2008,4109,36381,190,3388,3882,14227,29832,18196,0,39,106,1605,3481,14,24188,27458,1479,111,856,18243,5074064,29245,1338,1286,3479,1524,1692,0,204367,360,4634,5612,2269,
MISSISSIPPI,2008,1074,34431,101,2248,500,7233,11629,11741,6272,715,165,883,1895,227,8275,2269,485,135,3606,10244,2308021,11109,119,572,288,412,715,32,108280,75,936,1946,1003,
MISSOURI,2008,9197,103576,386,7085,1805,15431,34004,35990,581,223,548,2515,3638,125,34447,14242,3343,356,4636,36334,5942829,45261,635,2419,3450,2434,3066,0,332126,250,7352,12520,4058,
MONTANA,2008,769,5620,57,360,518,3032,4240,1620,0,32,25,64,166,0,3973,5471,227,11,313,4071,932625,4617,11,47,405,64,33,0,32378,9,1119,852,121,
NEBRASKA,2008,1381,17329,78,908,460,4306,13692,10432,0,113,146,446,1691,19,8242,12746,374,43,1539,9072,1634173,9602,212,397,415,595,830,1,89301,28,2698,1967,1108,
NEVADA,2008,4272,56321,220,3492,3189,3156,14445,14886,201,523,263,1017,1942,35,12712,10011,1118,146,1491,18585,2545496,17542,4659,1835,1187,1594,1606,17,166395,2438,2983,6516,2051,
NEW HAMPSHIRE,2008,400,12512,47,437,33,1200,4571,3266,4168,29,69,202,924,5,2596,4909,85,5,165,5595,1032522,3165,56,150,304,152,481,0,43634,45,1140,624,88,
NEW JERSEY,2008,8929,151567,397,6419,4728,23314,24313,52749,0,162,372,1729,4992,158,26932,7683,917,276,15113,26380,8355142,34665,1453,4371,4049,1527,4027,0,386427,1897,6914,13948,5059,
NEW MEXICO,2008,2847,32066,102,1215,64,2700,9741,6113,746,167,129,246,506,3,7336,3389,350,71,931,6563,2445951,9003,219,417,273,151,732,32,78500,2,770,3464,619,
NEW YORK ,2008,9111,73803,435,7893,0,13505,25169,52945,0,203,543,3488,7259,86,38595,4631,1992,273,2472,28925,19223778,48915,824,3393,0,3887,4835,0,300683,968,12069,13320,3379,
NORTH CAROLINA,2008,13390,118692,316,14459,0,14976,49599,36571,0,1723,520,2396,19035,138,44112,10778,1511,578,6534,49545,8612884,60398,1408,4364,1110,1362,5263,0,413895,195,7886,18852,7434,
NORTH DAKOTA,2008,335,5950,22,281,275,1864,4003,1769,630,35,45,75,655,0,2497,5582,175,3,164,1897,580591,2975,3,25,624,95,139,0,27896,3,584,408,166,
OHIO,2008,3520,61678,241,6211,1472,20493,19088,30580,4459,44,487,1323,3180,76,27928,12815,1081,186,6705,30596,11866208,35461,1266,2615,870,964,3622,53,249113,65,4496,6808,2999,
OKLAHOMA,2008,4649,39921,278,3114,2227,3401,18980,20548,25426,659,316,831,2510,7,13046,3013,591,160,977,10180,3638086,17029,412,831,2715,720,2261,0,161466,0,1562,5956,2131,
OREGON,2008,3286,21877,344,2816,2006,8214,17015,16723,0,54,276,986,1684,3,22590,19287,1452,95,611,15447,3649695,27202,752,1187,2035,1334,374,0,147653,10,5418,4844,1777,
PENNSYLVANIA,2008,16621,57100,683,10310,25066,62987,53319,56228,25838,490,1167,2977,8634,268,46384,26626,3479,576,1155,47334,12020349,60856,2498,7412,2079,2779,3077,0,483711,1101,12947,25776,4576,
RHODE ISLAND,2008,547,12166,47,777,9,3120,2778,3791,12,133,58,140,758,4,2794,936,138,12,159,4104,1050788,3756,216,259,80,122,340,0,35157,2,1264,876,391,
SOUTH CAROLINA,2008,5400,37843,128,3552,60,15768,14742,18224,12850,352,289,1534,13705,53,13725,12648,772,198,1438,13990,4399248,18177,388,1383,614,442,1658,0,177424,1520,2466,7270,1682,
SOUTH DAKOTA,2008,368,2270,44,281,167,1746,6190,2395,53,48,53,109,840,0,2342,5745,115,13,342,2902,730213,2782,10,31,653,77,61,0,27721,133,604,465,129,
TENNESSEE,2008,10044,93705,267,6221,1927,10759,26322,34686,20522,1147,344,3104,9361,360,30894,8071,2324,304,1771,31413,5948055,39706,2111,2934,2166,731,880,0,309981,80,4295,13626,3238,
TEXAS,2008,23139,334786,732,19693,13164,40371,90066,136897,140094,573,2034,7323,13473,500,104395,29859,5962,863,4939,109003,23376796,130782,8784,8199,13247,4059,745,0,1141646,3224,13855,34235,11667,
UTAH,2008,1321,35533,102,1342,1015,4563,6894,9242,4181,22,181,927,1031,7,16821,9577,460,47,1667,10515,2376842,18725,463,495,625,811,787,0,114017,189,3999,2044,1200,
VERMONT,2008,356,3226,19,300,0,854,2647,1137,9,42,71,88,346,0,1308,662,87,8,313,1454,609775,1714,6,21,2,23,133,0,13533,1,402,456,18,
VIRGINIA,2008,4584,107713,306,4624,2854,5912,27732,32513,30407,1936,370,2433,8818,58,27101,12885,1052,309,1643,38256,7543553,33083,558,2194,5719,1068,989,0,331159,111,4979,7457,4035,
WASHINGTON,2008,4527,69732,276,4895,48,4797,34952,23440,3,147,675,1567,991,1,25769,11634,1412,104,691,26165,5761193,32352,694,1637,1600,994,2792,0,228993,32,6539,6943,2879,
WEST VIRGINIA,2008,1066,11571,34,583,69,1075,4429,4249,4264,91,40,306,731,19,4263,1217,179,31,66,5643,1109343,5059,150,143,63,112,204,0,41681,18,797,1280,268,
WISCONSIN,2008,5164,123248,399,4664,7046,64868,40549,25075,0,268,710,1842,6321,137,35698,41928,1664,195,2768,19821,5540528,42425,687,1981,4103,2750,1815,0,411968,2795,10475,8050,4997,
WYOMING,2008,539,11999,22,334,428,1469,7159,2969,2754,5,45,113,226,7,2592,4617,125,14,267,3408,528009,3073,34,35,480,173,75,31,40979,34,889,633,136,
ALABAMA  ,2007,3807,77383,107,3379,55,5014,12857,17309,10584,61,319,1892,7818,57,16258,6073,1068,336,1054,25034,4482050,20812,182,1763,497,604,2255,1,199688,421,2033,6225,1467,
ALASKA,2007,1453,15651,30,470,11,986,5187,1759,129,8,75,136,161,8,3390,1847,357,39,332,4098,654555,4247,343,160,390,172,21,2,38578,7,954,1727,402,
ARIZONA,2007,6106,90644,289,4681,4268,16750,38260,35384,4,393,215,4446,1983,1,30342,27405,3924,297,3105,24597,5941252,39236,1600,1872,5352,1695,1285,0,321503,1344,11573,8490,3688,
ARKANSAS,2007,2318,41421,32,2064,528,2323,8892,9953,8118,19,143,811,3124,3,6973,1369,274,60,234,8162,1875132,9343,154,416,291,154,891,1,101694,673,1336,2937,957,
CALIFORNIA ,2007,99066,350310,1541,53738,21126,16604,204015,289449,112398,2268,2141,9862,10159,689,87455,21108,22458,2022,395,90070,35715843,165192,12558,21064,4189,15145,19752,0,1540894,4000,34799,124293,32513,
COLORADO ,2007,4341,80426,308,2644,2088,12287,27969,18290,305,220,427,1256,2379,8,19507,15943,1525,109,2745,15089,4358882,23984,668,864,5534,840,1026,9,225099,171,5796,5741,2325,
CONNECTICUT,2007,3931,30986,238,2608,43,15372,8571,14663,3,214,224,792,1441,25,11895,1130,805,66,1318,19129,3243990,15546,479,1260,18,564,450,0,120182,36,2564,5481,1357,
DELAWARE,2007,2052,6082,64,1027,121,2449,229,5744,587,282,130,633,2061,2,4871,2503,147,23,244,8491,853712,6109,188,652,0,167,454,0,41350,560,1166,2857,421,
DISTRICT OF COLUMBIA    ,2007,45,3447,0,1,0,204,23,77,80,0,0,0,1,0,62,1477,28,1,0,196,,91,0,77,0,0,16,0,5933,135,34,123,29,
FLORIDA    ,2007,37999,529562,440,28307,,,58824,169360,,1450,1793,5077,17277,297,94857,34898,10874,902,,92738,18207878,134478,6131,11597,,3706,2891,,1126395,,9152,52291,8263,
GEORGIA,2007,8779,104962,602,7099,882,24910,26442,44019,4686,332,356,4634,7317,197,29548,9954,2337,439,3482,27667,8916753,39586,1171,3176,2520,3724,4067,203,333657,882,3742,12750,5528,
IDAHO,2007,1230,27215,111,1044,842,2447,11014,5660,435,118,114,255,490,1,5163,5946,260,33,584,6212,1382317,6578,10,74,2026,347,245,0,73896,13,1436,1451,571,
ILLINOIS,2007,5000,26287,111,2937,828,22274,5624,55125,0,1,517,490,1318,4194,13895,1672,5129,372,435,27562,12980147,22072,4050,2890,18,1187,81,0,191268,73,5462,8779,3736,
INDIANA,2007,5004,57936,199,3963,1136,7908,23463,22753,17567,12,278,1743,2067,155,21803,10839,2056,223,1668,14986,6535059,28021,1861,1897,3338,1576,6374,144,215449,26,2547,7402,1927,
IOWA,2007,3492,29581,140,2096,947,6519,13130,8825,11940,99,115,688,1023,12,10638,8468,568,15,843,10266,2567706,13442,149,374,634,214,253,0,114816,27,3274,3996,486,
KANSAS,2007,1826,18501,77,1033,0,3565,12080,7089,278,170,170,446,1037,0,4639,7066,421,53,217,10113,1783134,6170,241,292,1485,283,310,0,73904,0,1745,2341,767,
KENTUCKY,2007,1005,22664,13,1628,170,1453,3490,11883,4023,17,39,625,777,8,6386,1038,242,33,804,3108,4850422,8269,766,730,122,77,876,0,63884,612,746,1807,549,
LOUISIANA,2007,6329,47624,154,5103,707,16257,8725,22964,3147,329,324,868,2086,139,16555,6391,1143,242,1745,21777,4617038,22955,548,1119,721,1033,1575,61,173584,562,3327,8014,2029,
MAINE,2007,461,17864,70,1306,57,1882,8097,5721,65,57,71,350,869,2,6064,4472,287,19,139,7160,1314909,7727,42,172,104,256,193,0,57731,0,1535,723,416,
MARYLAND,2007,7719,106364,478,6972,276,7171,24230,55155,1,409,348,1042,2329,454,23780,6830,3365,327,2255,29922,5562657,34595,1377,4119,696,1513,261,720,296861,126,4351,12513,4271,
MASSACHUSETTS,2007,9615,33257,138,3707,7,8019,11746,20626,7378,119,305,828,1396,22,12302,5209,995,68,1626,18796,6899072,17142,1098,1859,284,606,1326,172,146284,14,3380,11847,1386,
MICHIGAN,2007,10504,98247,349,6122,976,9872,40584,33923,432,1249,598,1176,6231,159,26640,22237,3464,306,3308,28988,9301438,36575,603,2692,1348,1094,2253,0,312777,419,3917,14100,5086,
MINNESOTA ,2007,4376,39756,204,3521,4022,15158,31735,18814,0,24,125,1994,3482,12,22470,29932,1781,115,834,19537,5078367,27976,1119,1334,4105,1574,2045,0,215671,406,4821,5950,2375,
MISSISSIPPI,2007,1026,24923,101,1753,555,6199,7881,10289,4897,674,135,698,1267,382,5892,2496,439,83,2248,9596,2082611,8185,110,545,217,308,641,47,85271,69,1042,1789,758,
MISSOURI,2007,8398,99390,313,5734,1200,13345,31633,32958,322,154,461,2248,3919,110,27310,14380,2292,217,3772,30032,5880958,35649,320,1689,2665,2132,2976,0,297234,204,6169,10765,2891,
MONTANA,2007,780,4507,59,240,568,2431,3264,1566,0,28,26,59,168,0,3454,5011,230,11,252,3775,803145,3983,30,47,355,66,22,0,28136,41,1054,864,92,
NEBRASKA,2007,1228,18140,101,845,290,4089,12350,9816,0,102,135,520,1743,11,7493,11228,384,47,1507,8136,1506881,8823,182,289,312,579,830,0,83957,44,2519,1699,1037,
NEVADA,2007,3519,59493,139,2889,3572,3255,12538,14444,123,544,186,1329,2315,98,10747,9281,1831,151,1650,18817,2467618,15606,5430,1739,1451,1385,1727,34,167412,3873,2463,5595,2389,
NEW HAMPSHIRE,2007,248,11345,30,333,8,918,4146,2570,4333,22,30,139,877,24,1829,4753,82,4,180,4337,891903,2274,27,76,270,138,409,0,38396,21,1158,358,89,
NEW JERSEY,2007,8946,151131,372,5848,4872,22776,25031,52773,0,139,400,1738,3681,182,24672,7757,936,269,14958,26830,8421399,31828,1706,4065,4642,1606,4567,0,383797,992,7457,13680,5451,
NEW MEXICO,2007,2829,32312,43,1001,12,2737,10006,6805,607,163,117,278,453,1,5256,4014,389,74,713,6856,2391131,6689,348,376,488,147,824,37,78484,14,856,3396,728,
NEW YORK ,2007,10807,85392,473,8283,0,15868,28440,61163,2,1031,715,4445,8474,163,41506,5262,2707,362,2489,33324,19520724,52969,1318,4185,0,4344,5701,0,345251,1133,13408,16069,4256,
NORTH CAROLINA,2007,14238,126607,417,15261,2,16454,26928,38343,0,1865,577,2728,22278,159,38769,9898,1668,622,7258,53785,8998327,56115,1492,4186,500,1478,5530,0,407663,382,8594,19623,7644,
NORTH DAKOTA,2007,239,5541,25,259,318,1584,4119,1743,713,28,38,113,863,3,2068,5717,165,11,168,1957,562723,2517,6,33,722,70,130,0,27359,4,608,321,114,
OHIO,2007,3564,63863,302,6110,1791,20922,19155,34740,4887,31,562,1369,3373,53,25564,13600,1399,194,7448,30211,11848511,33375,1472,2591,947,1027,3972,65,256718,49,4506,6911,2951,
OKLAHOMA,2007,4370,39578,275,3066,2200,3474,18229,22319,25171,637,319,977,2662,5,10810,3295,1010,183,1072,10302,3615869,15161,434,793,3129,781,2555,0,161719,0,1553,5665,2520,
OREGON,2007,3389,21371,301,2869,2735,7615,17096,18664,0,62,294,1393,1768,7,21006,17928,2049,82,621,15173,3522777,26225,516,1173,2143,1270,684,0,147335,24,5213,4938,1889,
PENNSYLVANIA,2007,15788,54661,742,9722,25321,60747,49238,57305,24316,448,1094,3356,9376,280,41558,26428,4168,516,1102,45908,12408646,56190,2301,7211,2152,2772,3355,0,467655,764,12457,24609,4569,
RHODE ISLAND,2007,346,9891,33,567,30,2313,2131,2933,9,140,37,102,678,16,1975,749,125,9,146,2946,876018,2700,128,71,52,74,253,0,26966,0,955,463,257,
SOUTH CAROLINA,2007,8256,40126,187,5306,50,14808,11712,30679,10618,559,418,2457,17664,192,18615,11311,1073,302,1611,23105,4179455,25181,654,1705,535,671,2489,0,213355,1361,4173,10681,2718,
SOUTH DAKOTA,2007,211,1266,30,175,254,979,4203,1371,105,16,29,52,610,0,1244,4572,53,8,202,1815,788719,1502,4,17,292,41,67,0,18014,13,301,265,84,
TENNESSEE,2007,10044,84595,199,5880,1951,11774,27178,38899,21671,1155,368,3426,9323,335,27773,8754,2501,286,1420,30507,5848243,36353,2219,2915,2109,733,835,0,304793,61,4478,13613,3404,
TEXAS,2007,23010,314501,841,18544,12203,41719,88236,136361,130622,427,1947,7843,14401,695,93431,29125,6817,759,4757,99238,21758415,119633,8552,7593,12568,3878,642,0,1087325,2652,13282,33309,12681,
UTAH,2007,1159,41746,146,1256,1969,5101,7204,9239,4426,17,195,990,1269,3,13667,10679,625,38,2073,9788,2316297,15694,349,406,692,865,869,1,120167,212,3930,1798,1253,
VERMONT,2007,365,3891,19,356,0,1070,3662,1632,5,40,40,121,414,0,1343,843,102,9,336,1756,608835,1820,2,24,6,53,168,0,16731,2,445,438,27,
VIRGINIA,2007,4551,104106,364,4381,2620,7034,24170,32941,28899,1817,354,2101,8299,113,22858,10129,959,267,1636,36747,7325924,28562,647,2057,5556,1019,1015,0,313457,78,4847,7229,3892,
WASHINGTON,2007,4816,69690,344,5211,31,5136,37317,28872,0,158,770,2111,1223,10,28673,12918,1845,115,725,28616,5877122,36073,874,1915,1821,1187,3903,0,248676,46,6901,7616,3448,
WEST VIRGINIA,2007,966,14213,54,622,65,1222,6327,3928,4684,101,32,337,1056,4,3608,1569,214,35,62,5919,1400508,4498,233,149,54,109,281,0,46835,10,692,1182,289,
WISCONSIN,2007,5037,126265,263,4900,7671,65824,41308,25746,5,249,782,2015,7346,153,33639,43695,2187,217,2884,20158,5484944,40989,825,1971,4619,3041,1687,0,421093,3054,10658,8007,4894,
WYOMING,2007,548,12879,23,292,437,1452,6116,3110,2480,7,37,93,180,5,2230,4370,138,13,230,3370,516496,2683,4,43,490,157,74,92,39808,21,783,641,134,
ALABAMA  ,2006,3648,74319,107,3262,31,4478,12374,16860,9371,34,320,1901,8524,87,12820,5778,1057,347,975,24666,4691413,17246,191,1610,429,553,2232,0,189558,288,2058,5925,1238,
ALASKA,2006,1392,15131,43,555,0,913,4334,1701,172,8,60,122,165,1,3383,1940,385,36,345,4130,641049,4366,192,144,285,183,16,1,36994,3,954,1632,400,
ARIZONA,2006,6565,88258,288,4629,3973,17251,35251,35470,1,294,208,3122,2075,23,25846,24317,4538,294,3371,24721,5893944,35301,1518,1566,5271,1505,1435,0,307695,1128,11074,8633,3703,
ARKANSAS,2006,3704,43009,86,2610,810,3012,9388,11154,8623,8,240,1278,2934,13,8619,1723,485,130,273,8286,1943587,11800,251,646,530,235,1124,199,113791,1608,1384,4720,1429,
CALIFORNIA ,2006,99448,347996,1665,52204,19613,17014,197775,301406,106859,2269,2119,10110,10157,557,84265,21533,28283,1965,509,89196,36291331,166417,12908,20343,5286,15665,21380,0,1543797,5198,34527,123875,33547,
COLORADO ,2006,5398,95458,275,3070,2579,12023,30862,19513,384,192,484,1699,2537,5,18963,16968,1886,112,2976,15801,4493272,24194,497,1053,3605,1018,1226,23,247536,190,6351,7047,2388,
CONNECTICUT,2006,3196,26302,332,1945,137,12879,5105,12249,12,165,234,645,996,13,9207,994,694,93,1087,14613,2137426,12178,481,978,36,423,606,0,96616,23,1928,4501,1243,
DELAWARE,2006,1862,6315,89,1083,112,2769,233,5538,472,227,132,588,2077,13,4126,2321,167,19,221,7890,853476,5465,105,550,1,177,426,0,39832,706,1149,2563,464,
DISTRICT OF COLUMBIA    ,2006,41,3258,1,1,2,248,17,91,78,1,0,3,1,0,42,1397,15,0,0,178,,59,0,53,0,2,12,0,5681,182,29,94,29,
FLORIDA    ,2006,38351,534759,473,27188,,,55278,168119,,1569,1960,4804,16240,352,81597,32137,11902,755,,94816,18015015,121160,5443,9703,,3861,2737,,1110535,,9880,50769,8611,
GEORGIA,2006,7786,70543,483,3948,535,20530,16615,33922,3207,127,255,3555,6293,268,17305,10220,1682,252,2420,16434,8185684,23418,1540,2002,976,3231,3295,20,234735,835,2076,10295,4380,
HAWAII,2006,725,22520,31,421,216,588,5059,2428,6,28,89,222,209,21,2893,895,613,28,27,4334,1081338,3958,428,303,4339,305,127,0,48018,0,937,1145,226,
IDAHO,2006,1066,22814,99,904,696,2451,10308,5285,242,123,127,281,511,15,4779,5453,278,27,446,5846,1236683,6060,7,110,1766,326,248,0,65945,7,1170,1330,560,
ILLINOIS ,2006,5253,30501,105,2988,706,21513,5971,57495,0,0,14,324,1296,3882,14583,1537,5785,320,424,27853,13011534,23461,4736,3320,20,944,88,0,191165,179,5737,402,4096,
INDIANA,2006,4341,42647,153,3075,513,5435,22586,19633,12522,42,153,1007,1867,32,16747,11880,1112,161,2059,13567,6741675,21087,198,916,3646,1063,1004,123,170293,40,2447,5571,1324,
IOWA,2006,3383,29651,151,2013,927,5789,13028,8512,10013,63,107,748,1031,12,9064,8739,508,26,931,9416,2479827,11736,95,331,438,280,200,0,109230,13,3278,3847,483,
KANSAS,2006,1749,16953,68,946,0,3708,11249,6523,238,125,175,508,1358,0,4190,6852,422,47,247,9728,1783369,5626,212,206,1612,285,275,0,70057,0,1701,2177,680,
KENTUCKY,2006,1127,26159,27,1754,216,1943,4971,12192,5543,21,64,706,1170,18,6342,1014,320,41,1203,3612,4984186,8443,656,807,160,110,1242,0,73504,646,779,2039,661,
LOUISIANA,2006,5697,43800,109,3819,497,17941,8755,23506,2193,170,306,814,1974,80,12081,6945,1078,292,975,20364,4057838,17087,519,953,524,809,1607,36,161316,294,3393,7248,1785,
MAINE,2006,474,17606,76,1376,74,1845,7704,5779,78,48,81,367,892,9,5258,4952,291,0,378,7100,1317948,7001,28,186,141,278,198,0,57351,0,1732,741,400,
MARYLAND,2006,7501,108635,566,7389,281,6697,22898,55466,3,348,400,1207,2563,356,22774,6061,4016,317,2267,29762,5571209,34745,1694,4213,878,1330,201,723,297530,155,4444,12431,4385,
MASSACHUSETTS,2006,9235,31463,91,3191,19,7385,8359,17729,6827,90,303,753,1365,10,10932,4575,856,74,1356,15931,6471817,15070,823,1951,310,553,1317,173,130219,16,3231,11563,1301,
MICHIGAN,2006,10293,101709,367,6000,1527,10301,44553,33886,538,1358,747,1261,6384,160,25085,25263,4014,209,3348,28791,9426852,35466,834,2680,1525,1203,2464,0,324698,563,4326,13929,5309,
MINNESOTA ,2006,4224,37857,245,3344,4847,13282,26098,18186,0,26,,1927,3786,26,19085,25700,1885,90,814,18075,5010061,24559,1200,1292,4247,1375,1992,0,,332,5034,,2472,
MISSISSIPPI,2006,1268,35165,106,2245,475,8235,11250,16190,7324,739,203,1030,2311,397,6981,3022,525,155,4263,12565,2616759,9857,171,642,261,432,907,106,119506,71,1291,2268,1176,
MISSOURI,2006,12361,123165,468,7129,1914,16123,38859,44762,108,165,737,3158,4614,195,30253,15123,4205,351,5169,37720,5748820,42055,1085,2443,3349,2981,3228,0,372182,324,8093,15892,4100,
NEBRASKA,2006,1069,20114,113,962,379,4136,12726,10321,0,78,145,570,1703,18,7565,11549,333,44,1621,8594,1543773,8973,233,317,407,609,1047,1,88602,42,2783,1575,1123,
NEVADA,2006,2870,62064,149,2954,3381,2876,11060,13784,189,452,207,999,2858,126,10025,8409,2195,159,1766,19001,2481554,15323,4609,1659,1651,1308,1890,27,163109,1775,2221,4895,2445,
NEW HAMPSHIRE,2006,372,13841,54,397,17,1482,4783,3228,4453,35,67,210,1027,1,2298,5376,136,8,158,5427,1039150,2885,98,145,351,200,411,0,46100,48,1350,592,127,
NEW JERSEY,2006,9149,146975,455,6144,6322,21548,25181,54168,3,120,428,1972,4855,309,23595,8036,1094,312,15307,28048,8446877,31288,2022,4425,5013,1761,5114,5,388116,1635,7660,14314,6460,
NEW MEXICO,2006,2290,32339,76,984,18,2727,8441,5775,167,149,99,295,508,13,4039,3716,421,67,857,5608,2268388,5520,333,350,386,128,753,125,72114,0,692,2806,758,
NEW YORK ,2006,10767,87472,422,8611,0,16474,28696,61748,0,196,730,4439,9354,157,36906,5864,2824,298,2640,31920,19446127,48763,1765,4300,0,4490,5884,0,345357,1599,13440,16095,4361,
NORTH CAROLINA,2006,13408,127080,374,14874,12,16351,50674,35066,0,1734,702,3182,25006,593,36471,16408,1682,629,8297,53250,8749209,53401,1414,3921,1413,1347,5757,0,436676,503,8904,18660,7624,
NORTH DAKOTA,2006,207,5688,30,329,252,1751,4581,1783,605,27,39,146,1122,0,1696,6336,201,4,186,1919,575177,2256,2,25,667,78,123,0,28597,0,657,275,143,
OHIO,2006,3604,62940,281,5320,1764,18146,18960,31368,4138,21,476,1390,3392,100,21816,11710,1495,164,7541,24083,11693115,28912,951,2320,881,895,3888,23,235005,79,4327,6564,2932,
OKLAHOMA,2006,4139,34195,364,2882,2228,3094,15936,20823,22120,500,261,898,2082,49,9407,3588,969,154,775,9703,3254461,13622,450,750,3037,737,2156,0,145171,0,1323,5304,2551,
OREGON,2006,2839,17802,289,2482,2160,6355,14016,17352,0,61,263,1254,1451,13,17950,13434,1767,101,509,13202,3099031,22488,677,939,1876,1129,678,0,124612,4,4277,4142,1732,
PENNSYLVANIA,2006,16187,53626,707,9803,29734,57363,46093,54412,21686,405,1072,3495,10777,337,37691,27319,4598,476,954,43568,12932970,52799,2380,7367,2083,2651,3308,0,457514,1041,13383,25102,4998,
RHODE ISLAND,2006,492,15183,48,587,35,3046,2118,3688,14,174,48,181,883,15,2035,766,146,13,85,3941,954017,2816,215,144,48,103,304,1,35999,11,1323,697,352,
SOUTH CAROLINA,2006,8030,34219,196,4678,45,13040,7650,28713,8033,470,390,2423,19181,113,14984,8329,1041,282,876,22182,4877177,20899,520,1609,439,709,2408,0,187578,734,3626,10311,2658,
SOUTH DAKOTA,2006,118,1372,14,108,164,662,3695,640,146,8,25,20,537,0,581,3670,48,1,228,1153,765423,751,4,10,197,26,8,0,13677,1,189,154,52,
TENNESSEE,2006,9784,77655,235,5869,1564,11245,23296,35455,20935,1029,345,3899,10309,264,23027,8737,2475,326,1582,30460,5877891,31606,2142,2885,2474,769,893,0,285475,25,4443,13340,3353,
TEXAS,2006,22895,318321,784,18328,12999,42913,88165,135914,120286,531,2131,8443,15440,428,85266,29348,7459,777,5519,100697,22453094,111837,8403,7222,11441,4359,758,7,1078961,2779,13022,33025,14326,
UTAH,2006,1052,41837,109,1152,1944,4619,6452,7653,4134,22,163,780,930,17,10568,10054,484,28,2105,8401,2003810,12313,512,355,254,823,654,0,109762,301,3326,1598,1033,
VERMONT,2006,302,2635,18,310,2,813,3544,1394,6,40,65,97,378,0,1007,770,96,6,359,1406,620953,1431,1,13,1,44,128,0,13798,2,352,386,9,
VIRGINIA,2006,4501,90596,379,3967,2961,5526,21422,29273,24684,1588,323,2199,8480,102,18492,8855,1039,228,1237,32939,6895712,23877,586,1856,4975,981,827,0,276305,134,4444,6908,3711,
WASHINGTON,2006,4877,64789,384,5841,60,4931,36986,29264,7,183,783,2435,1278,12,26429,13030,2294,148,614,30243,5254276,34948,1313,1866,1937,1427,4649,10,246388,21,6984,7674,3593,
WEST VIRGINIA,2006,754,6077,42,496,49,474,4028,4100,1063,64,35,255,614,0,1636,1274,203,18,61,4032,885812,2377,29,75,31,133,170,0,26566,6,599,882,248,
WISCONSIN,2006,5517,126158,432,4898,7164,63761,41105,25329,5,197,732,2424,8300,157,30637,42935,2554,182,2448,19162,5294726,38521,690,1650,4380,3113,1324,4,414975,3496,11111,8081,5110,
WYOMING,2006,518,13591,16,315,359,1360,5423,3160,2002,14,25,135,167,1,1889,4471,121,4,256,3223,502901,2341,6,26,297,157,102,118,38780,16,863,573,145,
ALABAMA  ,2005,3389,68569,95,2932,76,4675,11621,15704,8562,10,359,2001,8060,49,13377,4895,1051,284,981,24141,4227681,17455,124,1325,422,455,1901,2,178684,297,2179,5357,1148,
ALASKA,2005,1482,14961,65,549,6,1040,4754,1885,124,7,67,130,181,2,3265,1580,392,28,494,4036,643085,4271,123,144,284,213,29,6,37227,2,981,1721,397,
ARIZONA,2005,6499,85987,287,4636,3748,16738,34437,35722,0,284,215,2773,1985,23,28513,21809,5062,244,3666,23542,5350364,38498,1611,1501,5142,1740,1586,0,302339,961,10306,8459,3322,
ARKANSAS,2005,3685,64230,78,2409,884,3163,9983,12009,7734,12,251,1812,5314,25,10860,3143,524,131,456,8899,2154095,13871,301,631,532,306,1267,180,142878,1255,1328,4698,1476,
CALIFORNIA ,2005,100677,337119,1729,51086,16474,17195,181243,305745,96308,2042,2095,10755,10258,672,89779,21311,30967,1953,466,86613,35908932,173561,13911,18150,4477,15378,21770,0,1506819,5738,29940,122875,32968,
COLORADO ,2005,4930,94387,307,3132,2975,17980,24444,19743,247,127,456,2051,2175,30,24382,14505,2036,95,3265,15236,4304012,29857,869,855,3573,1154,1548,11,249404,568,5964,6336,2359,
CONNECTICUT,2005,3712,29688,311,2636,149,15958,9323,14480,9,192,262,872,1603,80,12154,1183,933,104,1194,20556,3084326,16034,493,1219,50,710,760,0,122966,73,2772,5297,1490,
DELAWARE,2005,1804,5891,82,941,81,2768,200,5018,429,243,140,460,2010,12,3803,2464,158,16,195,7456,843524,4984,140,461,0,180,373,0,37332,608,1008,2421,391,
DISTRICT OF COLUMBIA    ,2005,38,2568,0,1,2,132,16,68,61,1,0,1,2,0,58,1107,23,0,0,121,,82,0,42,0,3,10,0,4504,198,22,80,30,
FLORIDA    ,2005,39447,480948,465,24763,,,57528,160595,,1251,2058,5382,15996,425,85457,33134,11741,728,0,95502,17758612,122426,5715,8696,,3979,3051,,1055052,,9659,50929,8532,
GEORGIA,2005,6960,54519,486,4101,583,19112,13680,29513,2905,193,244,3083,8400,216,17481,10659,1953,229,2003,17452,8341353,24021,1681,2060,2462,3292,3470,1000,216627,1932,2417,9493,4541,
HAWAII,2005,581,20653,31,415,254,611,4346,2132,0,38,85,294,228,114,3356,808,797,29,55,4009,1048094,4599,341,299,2873,203,145,0,43632,6,729,994,200,
IDAHO,2005,788,15586,55,634,395,1491,6150,3231,97,57,68,218,359,1,3725,3654,203,20,252,4099,906893,4617,3,48,1333,207,231,0,44193,5,899,924,384,
ILLINOIS ,2005,5687,28818,133,2809,0,19223,6045,58093,0,0,543,213,1663,3069,14896,880,7011,383,358,27858,12873441,24849,4931,3081,0,1552,0,0,196878,0,5130,9694,4502,
INDIANA,2005,9324,63431,231,3855,332,8960,27569,24698,16799,42,256,1512,2230,17,20023,13196,2019,248,2098,13796,6680394,26128,1809,1600,3761,1548,5830,201,229883,29,2624,11428,1845,
IOWA,2005,3895,30047,153,2144,771,5776,13781,9740,8651,113,99,960,1416,6,10727,10764,619,17,1009,10226,2640488,13643,215,374,472,322,171,0,116089,37,3065,4385,519,
KANSAS,2005,913,13030,61,614,0,1674,9092,4569,220,26,82,268,1102,0,2766,5114,264,10,146,5548,1296042,3705,8,68,874,164,230,0,48182,0,1100,1073,239,
KENTUCKY,2005,2817,48343,239,3724,137,7817,21992,35313,18919,349,299,4251,14890,38,12477,5388,927,269,4759,14461,4677931,17367,509,1108,243,2684,3023,0,210113,506,2753,4493,1878,
LOUISIANA,2005,5824,43277,135,4480,601,16478,8800,22323,2666,113,274,1048,1966,102,14221,6570,988,256,1358,22322,4450103,19824,447,972,715,852,1473,80,163410,368,3119,7326,1582,
MAINE,2005,436,15448,49,1034,98,1687,6404,4730,22,27,106,367,845,3,5207,3852,263,0,440,6243,1302517,6553,18,181,89,263,211,0,49931,1,1574,723,333,
MARYLAND,2005,7551,113524,573,6936,497,6769,23072,52472,1,343,415,1104,3098,387,22856,5889,4376,333,2332,32588,5524635,34741,1861,3528,777,1280,275,463,302456,202,4490,11827,4464,
MASSACHUSETTS,2005,5910,29623,102,2436,17,5605,11195,14496,6963,74,253,558,937,9,8774,3557,765,37,1596,13269,6927398,12077,672,909,295,369,888,150,112437,23,2194,7109,761,
MICHIGAN ,2005,11435,112576,355,6200,2031,9656,46732,33492,626,1406,785,1237,6413,100,26392,25610,4076,229,3392,31596,9807849,37023,1776,2403,1642,1293,2739,0,344114,382,4203,14852,5337,
MINNESOTA,2005,4078,33749,176,3256,2908,15075,30699,20001,0,9,699,2639,3364,47,19915,27086,2038,89,520,20123,5036926,25385,2133,1302,2746,1313,2313,0,204004,298,5163,6168,2265,
MISSISSIPPI,2005,1299,30090,84,2041,443,7636,9371,13953,6085,557,209,796,1336,345,6785,2605,389,140,2628,10853,2460530,9299,63,459,382,331,773,82,101737,110,1162,2107,730,
MISSOURI,2005,8623,67882,297,4254,947,11974,21003,29685,936,85,397,2635,3008,261,19251,7172,2995,294,3522,24885,5655659,26797,1271,1715,1778,2530,1733,0,229077,288,6507,11029,3149,
MONTANA ,2005,673,4450,42,251,465,2193,3128,1662,0,17,33,146,184,2,3644,2722,240,11,307,3386,776834,4177,2,56,398,74,24,0,25130,10,893,773,117,
NEBRASKA,2005,1242,24043,125,928,507,4208,14257,11181,3,76,155,788,1727,26,8391,9342,355,39,1639,9741,1590291,9799,148,321,346,585,1106,1,95377,58,2886,1757,1153,
NEVADA,2005,2621,57064,122,4772,2994,1774,9746,11267,147,441,197,558,2493,53,11439,7254,2046,205,1672,17424,2410942,18379,4633,1189,1442,1336,1852,161,149978,1491,1688,4212,1897,
NEW HAMPSHIRE,2005,334,14307,52,402,25,1450,5035,3209,4120,32,56,238,1180,4,2588,4876,140,6,193,5550,1081410,3182,74,123,370,209,385,0,46351,32,1214,519,147,
NEW JERSEY,2005,9301,136737,368,5784,6326,21601,24694,53846,16,80,485,1983,5387,283,23409,7265,1092,278,14872,28190,8389085,30653,2342,4180,5001,1886,5198,1,375719,1714,7113,14244,6287,
NEW MEXICO,2005,2738,37716,376,1039,47,2525,11240,6439,729,172,114,382,455,7,4830,3872,446,95,1134,5458,2429002,6691,300,372,546,113,702,46,83276,104,575,3319,704,
NEW YORK ,2005,10680,86855,465,7945,0,15291,29062,54613,0,203,748,4808,10180,198,38780,4974,2855,350,2763,29226,19800300,50045,1743,4248,0,4530,6238,0,335353,1374,12719,16026,4505,
NORTH CAROLINA,2005,16540,136509,393,15302,26,18175,28720,38775,0,1937,720,3422,30503,452,40798,14565,1844,666,8324,56641,8455705,58337,1370,4105,1262,1632,6379,0,446154,90,9073,22031,7931,
NORTH DAKOTA,2005,171,5775,12,195,334,1641,4116,1785,541,13,32,122,1034,4,1782,5816,192,4,210,1820,549686,2181,1,16,701,68,113,0,27248,2,558,223,190,
OHIO,2005,3696,65392,385,5977,2043,17976,20126,33643,4375,22,623,1699,3529,157,23230,12937,1913,227,9217,26420,11557771,31505,1282,2561,1020,1123,4598,75,251917,83,4598,7107,2990,
OKLAHOMA,2005,4374,32892,284,2867,2082,2961,15884,21468,21167,516,329,1079,2435,19,11244,2957,1102,167,998,9818,3345709,15497,456,681,3428,700,2405,0,145946,0,1327,5551,2306,
OREGON,2005,2979,21529,249,3171,2368,6878,14901,20532,0,78,291,1943,1704,9,20550,14734,2665,130,512,14889,3431463,26635,635,955,2347,1279,680,0,142649,2,4598,4355,2041,
PENNSYLVANIA,2005,15375,50116,681,9448,28307,54107,41464,51944,21315,397,1199,3573,12547,320,37848,24985,4647,510,935,42373,12564202,52624,2552,6720,2024,2881,3298,0,437305,1004,11896,23804,4839,
RHODE ISLAND ,2005,523,13528,74,630,8,2518,2313,2863,17,153,59,138,908,11,2199,638,199,9,134,3634,871688,3102,110,151,151,136,272,0,32875,1,1190,742,308,
SOUTH CAROLINA,2005,8502,46481,197,5054,46,14597,8645,29837,11170,504,533,2565,24630,130,18747,9588,1094,287,751,24279,4865027,25092,742,1558,512,809,2701,0,221852,980,4140,10880,2773,
SOUTH DAKOTA,2005,204,5731,9,173,43,643,2041,979,424,36,46,66,267,3,1045,2585,50,5,68,1252,781739,1277,3,10,128,73,102,1,16299,13,211,265,88,
TENNESSEE,2005,10627,70937,215,5436,1693,10802,22279,34286,17177,733,352,3402,10770,319,24132,7784,2522,338,1219,27889,5642765,32305,2025,2636,2450,657,1076,0,268770,33,3879,13953,3102,
TEXAS,2005,22812,304711,735,18246,13641,38811,90919,124214,117264,544,2183,9557,16388,377,93279,26855,7896,906,4904,102596,22040153,120156,5999,6481,14282,4616,737,31,1057731,2756,12303,32382,13688,
UTAH,2005,1177,39117,120,1351,1830,6014,6577,8215,5015,7,200,1055,1114,0,13856,10429,525,45,1872,9812,2096365,15852,344,329,748,892,915,4,116880,467,3599,1751,1251,
VERMONT,2005,251,2192,17,236,0,756,3626,1312,8,28,58,87,506,0,923,739,95,11,293,1312,639008,1271,1,6,1,62,133,0,13021,0,356,326,12,
VIRGINIA,2005,4211,93986,272,3715,2588,6154,22279,26954,24979,1365,303,2212,8971,72,19129,9255,1333,312,1376,32275,6825978,24449,737,1683,3933,957,906,0,277579,100,3917,6509,3605,
WASHINGTON,2005,5105,60014,446,5835,18,4775,36848,24809,3,133,801,2960,1541,6,29569,11291,2328,152,417,32592,5417774,38178,1567,1676,1819,1254,5117,6,241635,20,6996,7734,3537,
WEST VIRGINIA,2005,1382,13790,43,850,64,1094,6613,5703,4313,106,55,535,1498,2,4243,2029,359,54,125,7455,1545865,5495,163,206,72,181,406,0,52854,41,1055,1697,417,
WISCONSIN,2005,3121,77112,196,3195,3803,43642,31806,16207,10,147,467,1845,8748,20,21959,31708,1413,76,1745,11448,4769639,26763,121,576,3029,2525,1007,146,275752,81,7121,4240,2478,
WYOMING,2005,493,12826,20,334,387,1350,5067,3283,1773,7,35,145,179,19,2199,3922,121,14,307,3069,497656,2674,3,35,290,152,74,100,37252,29,817,577,202,
ALABAMA,2004,3926,78939,121,3498,59,4834,13582,18315,9474,20,457,2490,10432,54,15773,6529,1173,280,1143,28536,4000192,20565,173,1405,419,396,2200,2,208312,317,2550,6068,1215,
ALASKA,2004,1238,15471,15,543,1,938,5104,1786,56,5,82,139,199,23,3020,1467,395,31,433,3902,637349,3973,102,134,280,208,33,0,36864,16,882,1485,361,
ARIZONA,2004,7110,89018,263,5179,3249,17181,37813,35722,0,248,222,3123,2294,15,31272,23749,5180,252,3210,23308,5593717,41894,2115,1433,5480,1880,1463,0,315007,990,9907,9017,3331,
ARKANSAS,2004,2382,42782,39,1653,1114,2221,6908,7313,5561,4,112,1341,4126,16,7863,3464,390,33,255,5494,1469843,9945,330,449,449,209,768,142,98086,727,963,2976,978,
CALIFORNIA,2004,97105,308364,1619,48917,15708,16739,177405,272980,91064,1691,2099,11532,10129,478,89261,25558,29346,1894,474,79845,33560992,169143,14134,16762,4914,14493,20230,0,1414732,7063,26515,117860,28413,
COLORADO,2004,4770,82248,215,2833,2792,13134,21253,17434,170,109,434,1893,1786,21,23998,15081,2688,145,2876,18667,3941932,29734,864,794,3983,1272,1037,2,229977,962,6181,6143,2335,
CONNECTICUT,2004,3355,27819,341,2415,113,15688,8999,14904,2,139,239,774,1328,28,11764,1296,833,88,1224,18474,2917685,15353,455,1282,179,615,636,0,116805,37,2508,4964,1270,
DELAWARE,2004,1478,5172,54,909,60,2320,170,3243,411,183,101,499,1591,1,3709,2129,123,10,214,6337,752330,4795,118,305,0,54,321,0,31048,314,889,1894,333,
DISTRICT OF COLUMBIA,2004,51,3036,0,0,0,175,35,74,45,2,2,7,1,0,37,1682,48,0,0,128,,85,0,35,0,0,18,0,5779,354,16,88,33,
FLORIDA,2004,38888,461149,565,25970,,,55804,150334,,1115,2157,5222,14759,867,88265,35692,11798,693,0,95446,17390278,126598,6583,9100,,4015,3929,,1028856,,8728,50838,7777,
GEORGIA,2004,7183,54843,305,3402,341,17997,15115,27629,3733,124,286,3311,4430,308,19068,10449,1668,248,1677,15878,8146498,24443,1651,1676,971,3231,2995,74,205472,1629,1552,9393,3698,
HAWAII,2004,771,23640,36,530,525,814,4102,2529,11,78,73,354,323,136,3850,1039,783,40,108,4701,1103758,5199,255,292,3079,276,153,0,49456,14,738,1176,206,
IDAHO,2004,1078,29239,118,867,669,2229,9119,5393,172,89,106,348,585,7,5221,4986,318,24,392,6353,1264174,6524,4,89,2153,335,294,0,72204,18,1372,1297,626,
ILLINOIS,2004,5617,27539,138,2988,0,18626,5994,59054,0,0,561,222,1702,2828,16080,970,7409,433,336,29516,12882746,26615,6060,2914,0,2144,0,0,200447,0,4499,9525,4817,
INDIANA,2004,8901,60660,200,3477,457,9035,27264,22648,15003,26,219,1300,1844,92,18316,13083,1810,232,1650,11822,6576846,23803,1504,1496,3576,1479,5141,298,215441,23,2438,10848,1447,
IOWA,2004,3274,29409,151,1857,806,5248,13950,9355,7602,122,123,959,1316,11,9771,12040,570,40,702,8595,2512908,12349,170,298,485,266,210,0,110513,32,2704,3735,447,
KANSAS,2004,1624,18889,87,1260,0,3306,13478,8490,255,158,149,669,1779,7,6790,6218,495,35,239,10917,1938930,8632,143,247,2012,306,289,0,80262,0,1728,2055,692,
KENTUCKY,2004,1068,16348,37,1598,98,2683,5607,10894,7702,53,143,1497,3221,10,6893,1251,382,55,1083,4895,4020932,8910,334,525,58,221,1150,0,69483,191,912,1791,574,
LOUISIANA,2004,7645,82183,209,5438,1137,17451,11193,25884,3984,80,453,1507,2453,91,21845,5364,1185,303,2021,27726,4144321,28677,538,1202,2018,1245,2171,1101,232704,547,4075,9603,1655,
MAINE,2004,584,17505,46,1309,69,1806,7213,5526,38,26,104,343,1059,0,5649,3572,362,8,334,6889,1316272,7366,30,168,157,298,294,0,55345,0,1641,864,315,
MARYLAND,2004,7954,114278,726,7245,409,6890,23592,51938,252,353,466,1334,3277,354,25447,5870,4904,295,2436,34232,5554320,38322,2637,3424,798,1339,329,53,309630,138,4525,12139,4135,
MASSACHUSETTS,2004,5858,26226,105,2224,13,4488,9378,11617,5681,60,214,541,1028,12,8588,3111,750,54,1452,13283,6593211,11667,809,883,415,376,1096,144,101430,14,2237,7009,773,
MICHIGAN,2004,10790,111785,332,5310,782,8917,45568,31520,609,1282,872,1297,6214,100,24930,24640,1812,364,2827,30385,9403375,32384,1791,2180,1700,1397,5113,0,331479,266,3933,14206,4763,
MINNESOTA,2004,2065,21867,149,2338,165,8260,23193,11841,0,2,557,1614,3072,18,14384,21380,994,38,393,11520,5053105,17865,40,341,1591,953,1205,0,132255,32,3365,3001,878,
MISSISSIPPI,2004,1372,34166,81,2160,674,8013,11844,13579,6126,621,212,960,2136,317,8494,2995,441,156,2803,11856,2489537,11176,91,509,277,348,799,117,113350,97,1370,2249,736,
MISSOURI,2004,9758,77826,382,5119,1233,12106,29265,35103,1994,136,532,3030,3570,199,25066,7742,3815,321,4020,30083,5749093,34382,1060,1858,2498,2825,1989,0,273415,613,7993,12469,3279,
NEBRASKA,2004,1014,22479,111,988,386,4439,13927,10732,0,88,196,723,1753,22,8717,9579,386,36,1668,9385,1622520,10202,312,317,321,608,1047,1,93098,23,2745,1563,1095,
NEVADA,2004,3755,56611,105,4767,3375,2141,9133,9832,190,360,203,570,2710,51,12281,7334,2004,143,1166,15421,2253758,19157,5301,1192,1257,1553,1793,72,148909,2367,1633,5293,1589,
NEW HAMPSHIRE,2004,324,13096,24,364,16,1125,5582,3389,4005,18,72,169,1060,8,2082,5056,169,6,176,4752,991567,2639,40,112,388,159,333,0,43769,50,1107,514,87,
NEW JERSEY,2004,10005,136002,378,6087,5272,21674,24837,53713,4,117,483,2349,5684,152,25221,7570,1157,270,15123,29167,8442614,32843,2408,4095,5320,1838,6054,4,379625,1213,7384,14853,6044,
NEW MEXICO,2004,2798,40722,44,1222,18,2904,12849,7429,545,207,137,612,747,2,5764,4575,382,92,1117,6584,2443082,7412,412,369,556,144,898,80,92672,12,697,3396,754,
NEW YORK,2004,9742,81239,382,7522,0,14450,27121,50313,0,225,739,4742,10536,202,37127,5792,2658,263,2721,26225,19807090,47689,1795,3619,0,4402,6178,0,315889,972,12829,14363,4095,
NORTH CAROLINA,2004,12387,108319,272,13031,15,13173,49749,31802,0,1701,655,3435,31703,347,32921,12135,1523,536,8736,48597,8056872,47747,693,2844,511,1030,4641,0,393819,5,7457,16422,5601,
NORTH DAKOTA,2004,135,5993,18,174,308,1522,4038,1538,549,2,34,131,872,0,1774,5506,155,7,206,1435,511360,2121,16,16,665,91,106,0,26010,1,582,192,136,
OHIO,2004,3983,70225,403,6664,2246,18962,20103,33164,5775,35,669,2077,3387,175,26213,15219,2434,212,10934,29358,11816430,35714,1392,2650,1467,1339,4742,120,271838,53,4910,7514,2927,
OKLAHOMA,2004,4480,34338,219,2983,2390,3219,18914,21840,23260,547,343,1277,3616,320,13180,3974,1087,173,1135,10124,3406862,17469,555,631,3618,819,2226,0,158957,26,1382,5627,2281,
OREGON,2004,3005,22880,336,3611,2417,7642,16724,21390,0,44,294,2250,1676,4,23541,15481,3122,125,590,16860,3422768,30610,863,1386,2513,1216,496,0,155202,4,4526,4810,2206,
PENNSYLVANIA,2004,15149,50743,728,9688,25830,55677,41465,51743,20722,364,1267,3800,12663,290,38143,25838,5010,536,886,43144,12707735,53569,2952,6624,2316,3130,3475,0,441127,1081,13280,23576,4583,
RHODE ISLAND,2004,862,15582,89,838,15,3539,2367,4388,10,196,94,221,1198,10,3305,1027,257,19,139,5877,1080632,4489,215,282,174,110,509,5,43576,14,1644,1257,590,
SOUTH CAROLINA,2004,1304,3522,18,690,2,1395,2227,3634,1275,62,66,636,2236,29,2630,1868,145,39,58,3034,4686467,3483,34,185,22,145,361,0,26540,15,577,1594,331,
SOUTH DAKOTA,2004,235,6708,15,254,202,1002,3818,1542,468,30,57,128,1032,1,1416,4511,69,6,164,1804,720592,1754,1,20,268,117,88,0,24475,53,386,318,80,
TENNESSEE,2004,9807,72338,208,5047,1688,11879,23684,32402,19350,627,296,3435,11121,274,24360,7185,2409,290,1172,26760,5840670,32024,1582,2005,3062,623,1025,0,269127,35,3557,12398,2906,
TEXAS,2004,23148,313275,867,19361,15251,41787,96921,125343,130159,553,2177,9547,17434,451,102940,29903,8754,834,4680,107388,22272789,131922,6575,7294,15304,5004,842,15,1116524,4607,13091,33453,13019,
UTAH,2004,864,26591,88,1161,862,4946,5485,6702,4340,12,128,1000,911,1,12223,8687,533,45,1200,7775,1532299,14005,353,403,710,844,808,0,90811,395,2573,1440,1171,
VERMONT,2004,205,2316,20,229,0,713,3243,1332,0,29,75,83,338,0,739,617,81,7,335,1172,619908,1069,3,4,3,51,146,0,12074,0,317,291,16,
VIRGINIA,2004,4103,88379,282,3340,2280,6515,22786,24011,24387,1324,330,2367,8601,17,20659,8338,1302,280,1117,31714,6480254,25583,723,1552,4326,942,917,0,267765,82,3949,6265,3142,
WASHINGTON,2004,4851,47855,381,5474,55,4880,38195,21443,21,130,756,2801,1463,15,26187,12040,2044,123,305,28918,5735550,34086,574,1391,2102,1261,4228,14,216541,98,6159,7121,2777,
WEST VIRGINIA,2004,874,8397,29,508,41,342,3883,3259,2115,50,17,289,513,0,2784,1176,219,25,82,4285,1053143,3540,58,93,25,88,206,0,30257,12,582,1009,305,
WISCONSIN,2004,3112,84446,205,3482,4451,47999,33757,17349,502,219,607,2079,8405,45,25456,34558,1726,94,1634,13360,4949923,30869,142,683,3360,2865,1320,179,302927,136,8065,4496,2691,
WYOMING,2004,480,12482,61,350,438,1286,4699,3044,1455,12,29,157,181,2,2069,4130,113,14,259,3048,492693,2593,35,26,313,126,87,98,35849,19,696,549,140,
ALABAMA,2003,4232,79847,114,3059,52,4129,14340,16133,9845,17,386,2394,10974,110,15621,6909,1306,311,1506,28388,4079102,20100,135,1563,443,433,2380,1,208757,199,2596,6492,1334,
ALASKA,2003,1183,13764,40,587,2,912,4891,2045,26,2,103,137,147,0,3429,1602,406,22,343,4071,631457,4462,55,110,253,239,26,2,35754,9,966,1418,382,
ARIZONA,2003,6663,83328,230,5198,3489,16830,39046,32796,0,264,223,2825,2221,1,29615,24972,5262,210,3321,22999,5365487,40305,2160,1561,5371,1785,1614,0,305252,718,9427,8657,3123,
ARKANSAS,2003,2677,50744,80,2078,498,2563,9248,9301,8219,3,105,1511,11730,50,8316,1756,323,29,567,5212,1790768,10797,360,479,418,326,931,136,120392,661,907,3290,1164,
CALIFORNIA,2003,106425,308795,1766,50355,16720,17255,184679,273226,97808,1917,2434,12030,10566,564,94486,27092,30198,1835,594,86137,34990394,176805,13776,17353,5950,15544,18813,0,1457151,5908,27806,128047,27119,
COLORADO,2003,4021,63962,285,2483,2695,11958,19715,15054,231,107,411,1282,1450,3,19235,14304,2372,94,2329,17990,3238375,24375,1010,788,3965,1111,693,5,195911,875,5550,5314,1933,
CONNECTICUT,2003,2480,23433,103,1732,107,12522,5527,9744,23,156,164,528,1055,16,10017,1015,650,57,998,11673,2269425,12502,244,991,135,409,369,7,87176,32,2094,3692,895,
DELAWARE,2003,1861,6512,58,890,98,2076,223,4211,354,191,117,505,1934,2,3735,1791,177,15,233,7114,813337,4860,157,477,0,76,327,0,34912,471,935,2470,372,
DISTRICT OF COLUMBIA,2003,46,2700,0,0,4,213,29,108,56,0,1,1,0,0,37,1714,40,1,0,133,,77,0,20,0,1,17,0,5421,254,21,68,25,
FLORIDA,2003,40704,417657,567,26503,,,56976,136804,,1007,2251,5381,14123,699,90952,34223,12331,701,,94188,17012655,130353,7529,9096,,4137,3978,,974805,,8238,52752,6760,
GEORGIA,2003,8599,67899,341,5163,486,20936,24806,32940,4348,179,425,4507,11154,327,24347,8850,2269,417,4080,22076,8729207,32120,1628,2396,1931,3727,3889,607,265932,1589,2026,11837,3990,
HAWAII,2003,745,27952,16,784,613,649,4049,3286,12,43,127,378,413,183,4759,1171,1151,26,898,4711,1257608,6710,350,457,4293,382,183,0,58719,0,776,1355,312,
IDAHO,2003,1052,28442,117,1025,778,2281,9355,5258,201,68,110,401,734,0,6004,5048,426,24,518,6803,1285541,7572,3,106,2057,360,330,0,73523,9,1438,1292,575,
ILLINOIS,2003,5586,25195,140,3325,0,20126,5967,55793,0,0,603,258,1962,2662,17244,1018,8402,472,397,29059,12898374,29111,5522,2909,0,2118,0,0,197983,0,4401,9570,4824,
INDIANA,2003,8757,56614,180,3293,1349,8158,28501,20323,16055,19,209,1187,1871,177,17358,12502,1826,204,1924,11373,6568601,22657,1190,1440,3420,1317,4512,226,208042,175,2401,10610,1481,
IOWA,2003,3483,29399,127,2191,742,5073,12645,10244,7927,172,126,869,1658,9,12048,12908,685,31,606,10118,2662631,15051,246,353,481,269,220,0,116510,27,3274,3993,579,
KANSAS,2003,965,13893,71,844,0,1946,10723,5315,243,38,86,277,1306,0,3380,4910,263,21,165,6692,1306978,4558,19,75,990,176,301,0,54354,0,1427,1147,228,
KENTUCKY,2003,1574,14089,39,1235,132,2601,5379,8896,5607,70,86,1101,3226,13,6341,1129,355,35,1125,3680,4063935,7970,85,462,165,261,1031,0,60090,3,868,2157,502,
LOUISIANA,2003,7829,73827,169,5565,1585,15204,11152,23602,4190,28,444,1466,2793,131,21859,5019,1210,265,1945,27821,4281940,28803,546,1400,1886,1283,2367,100,219924,314,4383,9938,1541,
MAINE,2003,588,17913,76,1257,106,1570,7294,5048,79,34,94,333,1060,26,5628,3431,371,5,344,7261,1300474,7332,12,127,194,250,306,0,55320,0,1659,814,254,
MARYLAND,2003,7960,122187,649,7340,561,6469,23558,54531,4,400,431,1177,3455,402,24907,6234,5308,324,2669,38816,5508909,38204,2371,3500,778,1295,245,64,324414,170,4596,12215,4013,
MASSACHUSETTS,2003,5812,25626,105,2065,29,5286,8582,9397,6250,52,291,528,1045,13,8819,3192,680,34,1839,12712,6488437,11669,630,793,386,420,959,149,98390,11,2090,6930,595,
MICHIGAN,2003,12958,116823,438,6059,1234,9867,48382,33020,716,1282,1006,1240,6199,111,25734,27098,2094,468,4650,32345,9724692,34325,1336,2337,1817,1376,5619,33,353346,292,4228,16769,4584,
MINNESOTA,2003,2333,30201,224,2706,0,9603,24851,13040,0,2,567,1586,3812,22,18216,22930,1216,71,443,13053,5017436,22362,84,406,2083,946,1434,0,155088,62,4069,3377,1128,
MISSISSIPPI,2003,1175,29795,254,1912,483,7162,11120,10697,6025,546,186,1117,1680,423,7878,2596,478,131,3195,10239,2380220,10522,102,532,279,282,723,63,100844,87,999,2024,685,
MISSOURI,2003,11565,83522,468,6244,2185,14737,36826,42131,2166,121,596,3397,4449,323,32267,10451,4367,305,5701,35498,5527314,43346,1394,2157,3498,3226,2636,0,324705,642,9606,14623,4227,
MONTANA,2003,653,4797,25,247,301,1567,2239,664,0,6,26,64,145,1,2683,1801,212,10,328,1926,546626,3167,2,80,244,62,20,0,18855,12,681,769,59,
NEBRASKA,2003,816,18819,108,918,250,4013,12911,9614,0,119,140,752,1878,22,7382,12106,415,55,1376,8543,1489255,8823,490,275,247,583,1026,1,86544,1,2686,1286,998,
NEW HAMPSHIRE,2003,223,11134,19,269,15,1120,5063,2114,3608,9,41,151,651,8,1502,4603,102,5,154,3960,887385,1892,14,91,315,131,250,0,36477,57,794,360,74,
NEW JERSEY,2003,9587,124380,421,6208,5205,21169,23992,51630,9,112,519,1781,5590,280,24421,7953,1292,293,15093,28950,8018213,32342,2106,3945,4676,1844,6139,0,363297,2816,7263,14344,5623,
NEW MEXICO,2003,1822,26908,24,820,50,2358,8832,5084,1319,118,85,270,375,0,4399,3304,276,69,713,4612,2031982,5519,251,273,494,96,672,31,64435,4,579,2249,597,
NEW YORK,2003,8733,76892,404,7199,0,13730,26843,44095,0,216,709,4357,11272,123,32390,5970,2574,226,2882,26343,18561046,42567,1605,3150,0,4336,5987,0,297442,1536,12430,12818,3440,
NORTH CAROLINA,2003,13940,114143,351,13671,2,14850,54264,39583,0,1893,726,3806,32764,360,38247,13480,2231,591,7069,49865,8614261,54500,1243,4154,856,1631,6637,0,432569,1491,8153,19411,6568,
NORTH DAKOTA,2003,117,5271,18,238,339,1570,3806,1623,451,7,35,191,1027,0,1835,5678,201,3,200,1391,535956,2292,0,21,631,84,127,0,25585,3,629,176,89,
OHIO,2003,3034,69881,357,4658,2895,14624,20377,22877,5728,11,451,1749,2447,53,21737,12669,1235,114,12636,21951,11657483,27987,1331,1678,1626,1223,3957,96,236081,117,4097,5277,2472,
OKLAHOMA,2003,4845,37779,298,3227,3102,3021,20942,23013,24795,597,365,1121,3317,11,13307,3029,1277,159,1111,10215,3511532,18109,346,678,3181,786,2091,0,166495,0,1567,6047,2315,
OREGON,2003,1979,18222,325,2890,2083,6271,13508,13766,0,65,261,1754,1200,3,15898,13063,2171,95,505,10758,3252321,21284,116,783,2294,1224,440,0,115141,0,4031,3118,1436,
PENNSYLVANIA,2003,13948,47212,672,9587,26065,53634,39384,47438,19812,281,1244,3404,11994,231,34704,25939,5776,504,972,43206,12443061,50739,2685,6207,2642,3069,3247,0,421100,446,12660,21903,4137,
RHODE ISLAND,2003,913,15734,76,769,41,3305,2023,4621,69,163,134,203,1210,23,3397,1038,276,14,217,6018,1076164,4518,275,307,210,129,472,45,43914,8,1660,1368,564,
SOUTH CAROLINA,2003,234,3324,6,159,4,1524,3929,981,1159,24,18,158,1900,13,458,2195,34,8,86,741,4535689,657,13,34,19,43,137,0,17583,25,183,294,174,
SOUTH DAKOTA,2003,415,8479,23,430,283,1640,5357,2788,440,38,59,138,1056,3,2482,6951,103,8,340,2653,758233,3038,0,28,558,183,141,0,35298,12,533,510,157,
TENNESSEE,2003,9700,67974,238,4793,1651,10095,24688,29368,18317,461,294,2806,10125,247,22601,6705,2412,302,1150,26117,5892622,30044,1739,1617,2805,659,799,0,253709,33,3312,11913,2701,
TEXAS,2003,21062,279937,790,17862,10564,35628,87023,106273,119851,647,2189,8267,16120,411,89257,25194,8192,811,4696,92840,20875272,116101,4794,6371,15339,4425,827,0,982963,507,11742,30433,11344,
UTAH,2003,1121,28908,148,1350,1316,5564,5944,7582,4797,17,158,968,904,0,12362,10214,617,48,1196,8109,1690633,14477,241,313,816,726,802,0,98509,13,2978,1640,1297,
VERMONT,2003,196,2324,23,209,1,619,2619,1235,1,24,48,106,330,0,628,703,61,7,297,1079,678344,921,4,1,0,28,117,0,10951,0,282,252,9,
VIRGINIA,2003,3263,69115,264,3018,1765,4488,18819,20137,17524,1096,305,2008,7184,28,16355,6044,1181,190,766,26915,6526389,20818,392,1108,3425,790,737,0,213059,75,3315,4866,2752,
WASHINGTON,2003,4623,51701,377,5079,17,4619,36802,22544,14,124,795,2269,1335,3,24934,12701,1892,96,339,28578,5540101,32282,571,1259,2273,1198,3913,18,216720,107,6025,6773,2514,
WEST VIRGINIA,2003,680,4704,26,387,12,209,3670,2060,654,38,20,211,455,1,1512,1065,170,20,62,2955,813665,2095,10,58,38,87,128,0,19879,0,469,778,178,
WISCONSIN,2003,3358,79458,232,3764,4785,47538,29060,18676,195,227,491,1786,8402,32,24676,36039,1818,85,1906,12013,5165478,30490,120,686,3758,2782,1294,148,294493,270,8350,4620,2544,
WYOMING,2003,470,11686,32,314,358,1128,4169,2579,1388,4,28,115,192,3,2042,4223,115,11,249,2564,475963,2503,2,34,191,112,109,80,32907,11,581,543,117,
ALABAMA,2002,12002,,,42578,,,,,,,1664,,,,123932,,13890,303,,,4486508,180400,,5962,,,,,200331,,,19931,,
ALASKA,2002,2594,,,3908,,,,,,,511,,,,17739,,2471,33,,,643786,24118,,489,,,,,27745,,,3627,,
ARIZONA,2002,20176,,,59087,,,,,,,1608,,,,201541,,57668,387,,,5456453,318296,,8000,,,,,348467,,,30171,,
ARKANSAS,2002,8081,,,23229,,,,,,,754,,,,71129,,6813,142,,,2710079,101171,,2524,,,,,112672,,,11501,,
CALIFORNIA,2002,130827,,,238428,,,,,,,10198,,,,715692,,222364,2395,,,35116033,1176484,,64968,,,,,1384872,,,208388,,
COLORADO,2002,10058,,,31678,,,,,,,2066,,,,125193,,23183,179,,,4506542,180054,,3579,,,,,195936,,,15882,,
CONNECTICUT,2002,5897,,,17088,,,,,,,730,,,,64292,,11572,80,,,3460503,92952,,4060,,,,,103719,,,10767,,
DELAWARE,2002,3298,,,5355,,,,,,,358,,,,18555,,3057,26,,,807385,26967,,1154,,,,,31803,,,4836,,
DISTRICT OF COLUMBIA ,2002,4962,,,5170,,,,,,,262,,,,21708,,9599,264,,,570898,36477,,3834,,,,,45799,,,9322,,
FLORIDA,2002,88476,,,177242,,,,,,,6753,,,,511478,,88516,911,,,16713149,777236,,32581,,,,,905957,,,128721,,
GEORGIA,2002,23125,,,73932,,,,,,,2108,,,,234591,,38036,606,,,8560310,346559,,13432,,,,,385830,,,39271,,
HAWAII,2002,1656,,,12722,,,,,,,372,,,,49344,,9910,24,,,1244898,71976,,1210,,,,,75238,,,3262,,
IDAHO,2002,2646,,,7441,,,,,,,497,,,,29060,,2627,36,,,1341131,39128,,240,,,,,42547,,,3419,,
ILLINOIS ,2002,47695,,,81123,,,,,,,4298,,,,301892,,44857,949,,,12600620,427872,,25272,,,,,506086,,,78214,,
INDIANA,2002,13184,,,42605,,,,,,,1843,,,,146073,,20287,362,,,6159068,208965,,6612,,,,,230966,,,22001,,
IOWA,2002,6378,,,18643,,,,,,,797,,,,68411,,5823,44,,,2936760,92877,,1169,,,,,101265,,,8388,,
KANSAS,2002,6951,,,19679,,,,,,,1035,,,,73877,,7212,78,,,2715884,100768,,2165,,,,,110997,,,10229,,
KENTUCKY ,2002,7083,,,27855,,,,,,,1088,,,,70776,,8750,184,,,4092891,107381,,3063,,,,,118799,,,11418,,
LOUISIANA,2002,20445,,,45350,,,,,,,1529,,,,133302,,20186,593,,,4482646,198838,,7123,,,,,228528,,,29690,,
MAINE,2002,735,,,6965,,,,,,,377,,,,24591,,1429,14,,,1294464,32985,,270,,,,,34381,,,1396,,
MARYLAND,2002,26715,,,39765,,,,,,,1370,,,,143320,,34020,513,,,5458137,217105,,13417,,,,,259120,,,42015,,
MASSACHUSETTS,2002,22018,,,33243,,,,,,,1777,,,,107922,,26588,173,,,6427801,167753,,7169,,,,,198890,,,31137,,
MICHIGAN,2002,36417,,,70970,,,,,,,5364,,,,214367,,49723,678,,,10050446,335060,,11847,,,,,389366,,,54306,,
MINNESOTA,2002,7106,,,28034,,,,,,,2273,,,,122150,,13842,112,,,5019720,164026,,3937,,,,,177454,,,13428,,
MISSISSIPPI,2002,5111,,,29593,,,,,,,1127,,,,70468,,9523,264,,,2871782,109584,,3356,,,,,119442,,,9858,,
MISSOURI,2002,21737,,,42721,,,,,,,1465,,,,159921,,27878,331,,,5672579,230520,,7024,,,,,261077,,,30557,,
MONTANA,2002,2661,,,3289,,,,,,,237,,,,23679,,1783,16,,,909453,28751,,283,,,,,31948,,,3197,,
NEBRASKA,2002,3557,,,10329,,,,,,,464,,,,51440,,6409,48,,,1729180,68178,,1359,,,,,73606,,,5428,,
NEVADA,2002,7629,,,18951,,,,,,,928,,,,47459,,17486,181,,,2173491,83896,,5118,,,,,97752,,,13856,,
NEW HAMPSHIRE,2002,1185,,,4838,,,,,,,446,,,,19468,,1944,12,,,1275056,26250,,413,,,,,28306,,,2056,,
NEW JERSEY,2002,16579,,,43898,,,,,,,1347,,,,147984,,35739,337,,,8590300,227621,,13905,,,,,259789,,,32168,,
NEW MEXICO,2002,10334,,,19634,,,,,,,1027,,,,53406,,7437,152,,,1855059,80477,,2206,,,,,94196,,,13719,,
NEW YORK,2002,53583,,,76700,,,,,,,3885,,,,318025,,47366,909,,,19157532,442091,,36653,,,,,537121,,,95030,,
NORTH CAROLINA,2002,24169,,,99535,,,,,,,2196,,,,229307,,24866,548,,,8320146,353708,,12205,,,,,392826,,,39118,,
NORTH DAKOTA,2002,270,,,2243,,,,,,,163,,,,11501,,1018,5,,,634110,14762,,58,,,,,15258,,,496,,
OHIO,2002,16922,,,99164,,,,,,,4809,,,,287045,,42767,526,,,11421267,428976,,17871,,,,,469104,,,40128,,
OKLAHOMA,2002,12885,,,35171,,,,,,,1573,,,,100185,,12772,163,,,3493714,148128,,2966,,,,,165715,,,17587,,
OREGON,2002,6246,,,25696,,,,,,,1238,,,,118925,,16524,72,,,3521515,161145,,2742,,,,,171443,,,10298,,
PENNSYLVANIA,2002,28060,,,55610,,,,,,,3731,,,,212441,,32817,624,,,12335091,300868,,17163,,,,,350446,,,49578,,
PUERTO RICO,2002,3478,,,24737,,,,,,,241,,,,39640,,12935,774,,,3858806,77312,,8978,,,,,90783,,,13471,,
RHODE ISLAND,2002,1699,,,6415,,,,,,,395,,,,24051,,4876,41,,,1069725,35342,,916,,,,,38393,,,3051,,
SOUTH CAROLINA,2002,25730,,,43745,,,,,,,1959,,,,123196,,16867,298,,,4107183,183808,,5774,,,,,217569,,,33761,,
SOUTH DAKOTA,2002,861,,,3034,,,,,,,361,,,,12139,,819,11,,,761063,15992,,117,,,,,17342,,,1350,,
TENNESSEE,2002,29439,,,61248,,,,,,,2290,,,,161610,,26541,420,,,5797289,249399,,9413,,,,,290961,,,41562,,
TEXAS,2002,78628,,,212602,,,,,,,8508,,,,688992,,102680,1302,,,21779893,1004274,,37580,,,,,1130292,,,126018,,
UTAH,2002,3358,,,15124,,,,,,,943,,,,74795,,7722,47,,,2316256,97641,,1140,,,,,103129,,,5488,,
VERMONT,2002,442,,,3489,,,,,,,126,,,,10684,,769,13,,,616592,14942,,77,,,,,15600,,,658,,
VIRGINIA,2002,12068,,,31757,,,,,,,1839,,,,157548,,18478,388,,,7293542,207783,,6961,,,,,229039,,,21256,,
WASHINGTON,2002,12249,,,54948,,,,,,,2734,,,,193526,,40493,184,,,6068996,288967,,5797,,,,,309931,,,20964,,
WEST VIRGINIA,2002,3179,,,9677,,,,,,,328,,,,27524,,3898,57,,,1801873,41099,,657,,,,,45320,,,4221,,
WISCONSIN,2002,6134,,,27926,,,,,,,1237,,,,123365,,13458,154,,,5441196,164749,,4713,,,,,176987,,,12238,,
WYOMING,2002,1108,,,2448,,,,,,,148,,,,13303,,743,15,,,498703,16494,,93,,,,,17858,,,1364,,
ALABAMA,2001,12250,,,40642,,,,,,,1369,,,,119992,,12619,379,,,4464356,173253,,5584,,,,,192835,,,19582,,
ALASKA,2001,2681,,,3847,,,,,,,501,,,,16695,,2618,39,,,634892,23160,,514,,,,,26895,,,3735,,
ARIZONA,2001,17889,,,54821,,,,,,,1518,,,,186850,,52203,400,,,5307331,293874,,8868,,,,,322549,,,28675,,
ARKANSAS,2001,8969,,,22196,,,,,,,892,,,,69590,,7320,148,,,2692090,99106,,2181,,,,,111296,,,12190,,
CALIFORNIA,2001,136143,,,232000,,,,,,,9961,,,,697669,,204033,2206,,,34501130,1133702,,64545,,,,,1346557,,,212855,,
COLORADO,2001,9849,,,28533,,,,,,,1930,,,,121360,,20994,158,,,4417714,170887,,3555,,,,,186379,,,15492,,
CONNECTICUT,2001,6565,,,17159,,,,,,,639,,,,65762,,12378,105,,,3425074,95299,,4183,,,,,106791,,,11492,,
DELAWARE,2001,3269,,,5144,,,,,,,420,,,,19476,,2779,23,,,796165,27399,,1156,,,,,32267,,,4868,,
DISTRICT OF COLUMBIA ,2001,5568,,,5011,,,,,,,188,,,,21473,,7670,232,,,571822,34154,,3943,,,,,44085,,,9931,,
FLORIDA,2001,90331,,,176052,,,,,,,6641,,,,516548,,89917,874,,,16396515,782517,,32867,,,,,913230,,,130713,,
GEORGIA,2001,24491,,,71799,,,,,,,2180,,,,238484,,37589,598,,,8383915,347872,,14402,,,,,389543,,,41671,,
HAWAII,2001,1534,,,11162,,,,,,,409,,,,44925,,6743,32,,,1224398,62830,,1142,,,,,65947,,,3117,,
IDAHO,2001,2511,,,7507,,,,,,,425,,,,28285,,2389,30,,,1321006,38181,,245,,,,,41392,,,3211,,
ILLINOIS ,2001,49713,,,78844,,,,,,,3938,,,,304362,,48784,986,,,12482301,431990,,24867,,,,,511494,,,79504,,
INDIANA,2001,13434,,,42758,,,,,,,1716,,,,147291,,21499,413,,,6114745,211548,,7171,,,,,234282,,,22734,,
IOWA,2001,6012,,,16885,,,,,,,649,,,,66244,,5505,50,,,2923179,88634,,1154,,,,,96499,,,7865,,
KANSAS,2001,7449,,,20514,,,,,,,945,,,,77038,,7985,92,,,2694641,105537,,2423,,,,,116446,,,10909,,
KENTUCKY ,2001,5845,,,26505,,,,,,,1132,,,,73152,,9344,191,,,4065556,109001,,3280,,,,,119449,,,10448,,
LOUISIANA,2001,20910,,,46451,,,,,,,1403,,,,139555,,21687,501,,,4465430,207693,,7864,,,,,238371,,,30678,,
MAINE,2001,826,,,6898,,,,,,,326,,,,24585,,1671,18,,,1286670,33154,,264,,,,,34588,,,1434,,
MARYLAND,2001,26668,,,41553,,,,,,,1449,,,,145934,,32025,446,,,5375156,219512,,13525,,,,,261600,,,42088,,
MASSACHUSETTS,2001,22110,,,32430,,,,,,,1856,,,,106821,,27828,145,,,6379304,167079,,6476,,,,,197666,,,30587,,
MICHIGAN,2001,36551,,,72038,,,,,,,5264,,,,226708,,53607,672,,,9990817,352353,,12937,,,,,407777,,,55424,,
MINNESOTA,2001,7032,,,25496,,,,,,,2236,,,,124519,,15031,119,,,4972294,165046,,3758,,,,,178191,,,13145,,
MISSISSIPPI,2001,5283,,,29821,,,,,,,1147,,,,70315,,9473,282,,,2858029,109609,,3294,,,,,119615,,,10006,,
MISSOURI,2001,20946,,,42977,,,,,,,1383,,,,167420,,28014,372,,,5629707,238411,,7771,,,,,268883,,,30472,,
MONTANA,2001,2735,,,3670,,,,,,,188,,,,24684,,1821,34,,,904433,30175,,230,,,,,33362,,,3187,,
NEBRASKA,2001,3612,,,9760,,,,,,,431,,,,52713,,6490,43,,,1713235,68963,,1128,,,,,74177,,,5214,,
NEVADA,2001,6364,,,17711,,,,,,,883,,,,45073,,14702,180,,,2106074,77486,,4932,,,,,89845,,,12359,,
NEW HAMPSHIRE,2001,1224,,,4889,,,,,,,458,,,,20060,,2140,17,,,1259181,27089,,445,,,,,29233,,,2144,,
NEW JERSEY,2001,17370,,,46812,,,,,,,1278,,,,156031,,37708,336,,,8484431,240551,,14110,,,,,273645,,,33094,,
NEW MEXICO,2001,10644,,,19552,,,,,,,850,,,,56406,,7137,99,,,1829146,83095,,2695,,,,,97383,,,14288,,
NEW YORK,2001,57042,,,80400,,,,,,,3546,,,,329316,,48287,960,,,19011378,458003,,36555,,,,,556106,,,98103,,
NORTH CAROLINA,2001,24573,,,101889,,,,,,,2083,,,,237241,,24647,505,,,8186268,363777,,13304,,,,,404242,,,40465,,
NORTH DAKOTA,2001,274,,,2165,,,,,,,164,,,,11583,,1086,7,,,634448,14834,,60,,,,,15339,,,505,,
OHIO,2001,17906,,,96910,,,,,,,4466,,,,295976,,42229,452,,,11373541,435115,,17199,,,,,475138,,,40023,,
OKLAHOMA,2001,13309,,,34573,,,,,,,1486,,,,94537,,12569,185,,,3460097,141679,,2746,,,,,159405,,,17726,,
OREGON,2001,6643,,,26648,,,,,,,1174,,,,123034,,14842,84,,,3472867,164524,,2749,,,,,175174,,,10650,,
PENNSYLVANIA,2001,28814,,,54345,,,,,,,3467,,,,223350,,35713,651,,,12287150,313408,,17500,,,,,363840,,,50432,,
PUERTO RICO,2001,2473,,,19931,,,,,,,187,,,,26140,,12643,744,,,3839810,58714,,7999,,,,,70117,,,11403,,
RHODE ISLAND,2001,1837,,,6824,,,,,,,416,,,,23875,,5043,39,,,1058920,35742,,986,,,,,39020,,,3278,,
SOUTH CAROLINA,2001,22320,,,36831,,,,,,,1380,,,,112247,,14760,255,,,4063011,163838,,5310,,,,,193103,,,29265,,
SOUTH DAKOTA,2001,710,,,3087,,,,,,,351,,,,12571,,815,7,,,756600,16473,,103,,,,,17644,,,1171,,
TENNESSEE,2001,29938,,,59705,,,,,,,2196,,,,165015,,28272,425,,,5740021,252992,,10219,,,,,295770,,,42778,,
TEXAS,2001,77306,,,204362,,,,,,,8169,,,,669625,,102667,1332,,,21325018,976654,,35348,,,,,1098809,,,122155,,
UTAH,2001,3154,,,13804,,,,,,,896,,,,70676,,6513,67,,,2269789,90993,,1197,,,,,96307,,,5314,,
VERMONT,2001,423,,,3150,,,,,,,107,,,,12426,,758,7,,,613090,16334,,107,,,,,16978,,,644,,
VIRGINIA,2001,11945,,,31604,,,,,,,1770,,,,157060,,18842,364,,,7187734,207506,,6860,,,,,228445,,,20939,,
WASHINGTON,2001,12545,,,53024,,,,,,,2600,,,,195133,,39077,179,,,5987973,287234,,5934,,,,,308492,,,21258,,
WEST VIRGINIA,2001,3968,,,9601,,,,,,,320,,,,28268,,3216,40,,,1801916,41085,,707,,,,,46120,,,5035,,
WISCONSIN,2001,6708,,,26927,,,,,,,1142,,,,125275,,14722,192,,,5401906,166924,,4444,,,,,179410,,,12486,,
WYOMING,2001,1026,,,2481,,,,,,,153,,,,12943,,696,9,,,494423,16120,,84,,,,,17392,,,1272,,
ALABAMA,2000,14107,,,40331,,,,,,,1482,,,,127399,,12809,329,,,4447100,180539,,5702,,,,,202159,,,21620,,
ALASKA,2000,2540,,,3899,,,,,,,497,,,,16838,,2350,27,,,626932,23087,,490,,,,,26641,,,3554,,
ARIZONA,2000,17841,,,51902,,,,,,,1577,,,,176705,,43204,359,,,5130632,271811,,7504,,,,,299092,,,27281,,
ARKANSAS,2000,8887,,,21443,,,,,,,848,,,,69740,,6932,168,,,2673400,98115,,2001,,,,,110019,,,11904,,
CALIFORNIA,2000,138418,,,222293,,,,,,,9785,,,,651855,,182035,2079,,,33871648,1056183,,60249,,,,,1266714,,,210531,,
COLORADO,2000,9425,,,27133,,,,,,,1774,,,,112843,,16961,134,,,4301261,156937,,3034,,,,,171304,,,14367,,
CONNECTICUT,2000,6450,,,17436,,,,,,,678,,,,68498,,13099,98,,,3405565, ,,3832,,,,,,,,11058,,
DELAWARE,2000,3520,,,5216,,,,,,,424,,,,21360,,3151,25,,,783600,29727,,1394,,,,,35090,,,5363,,
DISTRICT OF COLUMBIA,2000,4582,,,4745,,,,,,,251,,,,21655,,6600,239,,,572059,33000,,3554,,,,,41626,,,8626,,
FLORIDA,2000,90008,,,172898,,,,,,,7057,,,,518298,,89181,903,,,15982378,780377,,31809,,,,,910154,,,129777,,
GEORGIA,2000,25450,,,68488,,,,,,,1968,,,,240440,,38702,651,,,8186453,347630,,13250,,,,,388949,,,41319,,
HAWAII,2000,1450,,,10665,,,,,,,346,,,,43254,,6114,35,,,1211537,60033,,1123,,,,,62987,,,2954,,
IDAHO,2000,2644,,,7330,,,,,,,384,,,,28545,,2086,16,,,1293953,37961,,223,,,,,41228,,,3267,,
ILLINOIS,2000,50828,,,81913,,,,,,,4090,,,,312692,,56143,891,,,12419293,450748,,25758,,,,,532315,,,81567,,
INDIANA,2000,12837,,,41108,,,,,,,1759,,,,144707,,21090,352,,,6080485,206905,,6282,,,,,228135,,,21230,,
IOWA,2000,6003,,,16342,,,,,,,676,,,,65118,,5374,46,,,2926324,86834,,1071,,,,,94630,,,7796,,
KANSAS,2000,7231,,,21484,,,,,,,1022,,,,80077,,6496,169,,,2688418,108057,,2048,,,,,118527,,,10470,,
KENTUCKY,2000,7363,,,25308,,,,,,,1091,,,,73141,,9274,193,,,4041769,107723,,3256,,,,,119626,,,11903,,
LOUISIANA,2000,20851,,,46289,,,,,,,1497,,,,144345,,21270,560,,,4468976,211904,,7532,,,,,242344,,,30440,,
MAINE,2000,815,,,6775,,,,,,,320,,,,23906,,1322,15,,,1274923,32003,,247,,,,,33400,,,1397,,
MARYLAND,2000,26130,,,39426,,,,,,,1543,,,,145423,,28573,430,,,5296486,213422,,13560,,,,,255085,,,41663,,
MASSACHUSETTS,2000,22594,,,30600,,,,,,,1696,,,,105425,,25876,125,,,6349097,161901,,5815,,,,,192131,,,30230,,
MICHIGAN,2000,35753,,,69790,,,,,,,5025,,,,227783,,55724,669,,,9938444,353297,,13712,,,,,408456,,,55159,,
MINNESOTA ,2000,7709,,,26116,,,,,,,2240,,,,118250,,13432,151,,,4919479,157798,,3713,,,,,171611,,,13813,,
MISSISSIPPI,2000,6290,,,26918,,,,,,,1019,,,,69758,,6968,255,,,2844658,103644,,2703,,,,,113911,,,10267,,
MISSOURI,2000,18123,,,41685,,,,,,,1351,,,,159539,,24695,347,,,5595211,225919,,7598,,,,,253338,,,27419,,
MONTANA,2000,1605,,,3946,,,,,,,301,,,,23805,,1956,16,,,902195,29707,,249,,,,,31878,,,2171,,
NEBRASKA,2000,3960,,,10131,,,,,,,436,,,,49118,,5230,63,,,1711263,64479,,1147,,,,,70085,,,5606,,
NEVADA,2000,4942,,,17526,,,,,,,860,,,,44125,,13172,129,,,1998257,74823,,4543,,,,,85297,,,10474,,
NEW HAMPSHIRE,2000,1170,,,4992,,,,,,,522,,,,20761,,2148,22,,,1235786,27901,,453,,,,,30068,,,2167,,
NEW JERSEY,2000,17099,,,43924,,,,,,,1357,,,,155562,,34151,289,,,8414350,233637,,13553,,,,,265935,,,32298,,
NEW MEXICO,2000,10230,,,21339,,,,,,,922,,,,57925,,7341,135,,,1819046,86605,,2499,,,,,100391,,,13786,,
NEW YORK,2000,60090,,,87946,,,,,,,3530,,,,340901,,54231,952,,,18976457,483078,,40539,,,,,588189,,,105111,,
NORTH CAROLINA,2000,24715,,,97888,,,,,,,2181,,,,232767,,25266,560,,,8049313,355921,,12595,,,,,395972,,,40051,,
NORTH DAKOTA,2000,294,,,2093,,,,,,,169,,,,11092,,986,4,,,642200,14171,,56,,,,,14694,,,523,,
OHIO,2000,17636,,,88636,,,,,,,4271,,,,293277,,39026,418,,,11353140,420939,,15610,,,,,458874,,,37935,,
OKLAHOMA,2000,12958,,,31661,,,,,,,1422,,,,96116,,12348,182,,,3450654,140125,,2615,,,,,157302,,,17177,,
OREGON,2000,7756,,,25618,,,,,,,1286,,,,114230,,13932,70,,,3421399,153780,,2888,,,,,165780,,,12000,,
PENNSYLVANIA,2000,29580,,,54080,,,,,,,3247,,,,225869,,36325,602,,,12281054,316274,,18155,,,,,367858,,,51584,,
PUERTO RICO,2000,2726,,,21057,,,,,,,228,,,,28940,,12976,693,,,3808610,62973,,8757,,,,,75377,,,12404,,
RHODE ISLAND,2000,1742,,,6620,,,,,,,412,,,,22038,,4665,45,,,1048319,33323,,922,,,,,36444,,,3121,,
SOUTH CAROLINA,2000,24666,,,38888,,,,,,,1511,,,,123094,,15207,233,,,4012012,177189,,5883,,,,,209482,,,32293,,
SOUTH DAKOTA,2000,816,,,2896,,,,,,,305,,,,12558,,798,7,,,754844,16252,,131,,,,,17511,,,1259,,
TENNESSEE,2000,28172,,,56344,,,,,,,2186,,,,154111,,27530,410,,,5689283,237985,,9465,,,,,278218,,,40233,,0.0489
TEXAS,2000,74302,,,188975,,,,,,,7856,,,,637522,,93161,1238,,,20851820,919658,,30257,,,,,1033311,,,113653,,
UTAH,2000,3563,,,14348,,,,,,,863,,,,73438,,6461,43,,,2233169,94247,,1242,,,,,99958,,,5711,,
VERMONT,2000,425,,,3501,,,,,,,140,,,,13184,,809,9,,,608827,17494,,117,,,,,18185,,,691,,
VIRGINIA,2000,11631,,,30434,,,,,,,1616,,,,146158,,17813,401,,,7078515,194405,,6295,,,,,214348,,,19943,,
WASHINGTON,2000,13043,,,53476,,,,,,,2737,,,,190650,,35018,196,,,5894121,279144,,5812,,,,,300932,,,21788,,
WEST VIRGINIA,2000,4597,,,9890,,,,,,,331,,,,28139,,3315,46,,,1808344,41344,,749,,,,,47067,,,5723,,
WISCONSIN,2000,6829,,,25183,,,,,,,1165,,,,119605,,14636,169,,,5363675,159424,,4537,,,,,172124,,,12700,,
WYOMING,2000,1074,,,2078,,,,,,,160,,,,12318,,573,12,,,493782,14969,,70,,,,,16285,,,1316,,