state,state_abbr,latitude,longitude,date,funding
Alabama,AL,32.799,-86.8073,2001-12-31,1205096441.0
Alaska,AK,61.385,-152.2683,2001-12-31,227988480.0
Arizona,AZ,33.7712,-111.3877,2001-12-31,1990909460.0
Arkansas,AR,34.9513,-92.3809,2001-12-31,618218324.0
California,CA,36.17,-119.7462,2001-12-31,7895473833.0
Colorado,CO,39.0646,-105.3272,2001-12-31,1061188114.0
Connecticut,CT,41.5834,-72.7622,2001-12-31,703315579.0
Delaware,DE,39.3498,-75.5148,2001-12-31,187754734.0
District of Columbia,DC,38.9072,-77.037,2001-12-31,596359049.0
Florida,FL,27.8333,-81.717,2001-12-31,3622745422.0
Georgia,GA,32.9866,-83.6487,2001-12-31,1973334617.0
Hawaii,HI,21.1098,-157.5311,2001-12-31,229367192.0
Idaho,ID,44.2394,-114.5103,2001-12-31,317431995.0
Illinois,IL,40.3363,-89.0022,2001-12-31,3128505463.0
Indiana,IN,39.8647,-86.2604,2001-12-31,1565548276.0
Iowa,IA,42.0046,-93.214,2001-12-31,901029813.0
Kansas,KS,38.5111,-96.8005,2001-12-31,714466440.0
Kentucky,KY,37.669,-84.6514,2001-12-31,949124657.0
Louisiana,LA,31.1801,-91.8749,2001-12-31,1336661483.0
Maine,ME,44.6074,-69.3977,2001-12-31,327987375.0
Maryland,MD,39.0724,-76.7902,2001-12-31,1094203563.0
Massachusetts,MA,42.2373,-71.5314,2001-12-31,1908834439.0
Michigan,MI,43.3504,-84.5603,2001-12-31,2438946185.0
Minnesota,MN,45.7326,-93.9196,2001-12-31,1266655860.0
Mississippi,MS,32.7673,-89.6812,2001-12-31,810714107.0
Missouri,MO,38.4623,-92.302,2001-12-31,1593065077.0
Montana,MT,46.9048,-110.3261,2001-12-31,298360532.0
Nebraska,NE,41.1289,-98.2883,2001-12-31,498722144.0
Nevada,NV,38.4199,-117.1219,2001-12-31,259985925.0
New Hampshire,NH,43.4108,-71.5653,2001-12-31,326084388.0
New Jersey,NJ,40.314,-74.5089,2001-12-31,1568266890.0
New Mexico,NM,34.8375,-106.2371,2001-12-31,530066506.0
New York,NY,42.1497,-74.9384,2001-12-31,6011667167.0
North Carolina,NC,35.6411,-79.8431,2001-12-31,1641764159.0
North Dakota,ND,47.5362,-99.793,2001-12-31,258845309.0
Ohio,OH,40.3736,-82.7755,2001-12-31,2954518787.0
Oklahoma,OK,35.5376,-96.9247,2001-12-31,961098433.0
Oregon,OR,44.5672,-122.1269,2001-12-31,911681573.0
Pennsylvania,PA,40.5773,-77.264,2001-12-31,3795993993.0
Rhode Island,RI,41.6772,-71.5101,2001-12-31,401957614.0
South Carolina,SC,33.8191,-80.9066,2001-12-31,922375423.0
South Dakota,SD,44.2853,-99.4632,2001-12-31,296723889.0
Tennessee,TN,35.7449,-86.7489,2001-12-31,1326565262.0
Texas,TX,31.106,-97.6475,2001-12-31,4760220857.0
Utah,UT,40.1135,-111.8535,2001-12-31,510599570.0
Vermont,VT,44.0407,-72.7093,2001-12-31,253879970.0
Virginia,VA,37.768,-78.2057,2001-12-31,1564714192.0
Washington,WA,47.3917,-121.5708,2001-12-31,1253035444.0
West Virginia,WV,38.468,-80.9696,2001-12-31,520774265.0
Wisconsin,WI,44.2563,-89.6385,2001-12-31,1205201789.0
Wyoming,WY,42.7475,-107.2085,2001-12-31,152676575.0
Alabama,AL,32.799,-86.8073,2002-12-31,1387975241.0
Alaska,AK,61.385,-152.2683,2002-12-31,260180178.0
Arizona,AZ,33.7712,-111.3877,2002-12-31,2520137525.0
Arkansas,AR,34.9513,-92.3809,2002-12-31,733650835.0
California,CA,36.17,-119.7462,2002-12-31,9092121808.0
Colorado,CO,39.0646,-105.3272,2002-12-31,1238777106.0
Connecticut,CT,41.5834,-72.7622,2002-12-31,825970250.0
Delaware,DE,39.3498,-75.5148,2002-12-31,216149404.0
District of Columbia,DC,38.9072,-77.037,2002-12-31,663632391.0
Florida,FL,27.8333,-81.717,2002-12-31,4124966740.0
Georgia,GA,32.9866,-83.6487,2002-12-31,2313606367.0
Hawaii,HI,21.1098,-157.5311,2002-12-31,271216945.0
Idaho,ID,44.2394,-114.5103,2002-12-31,387946629.0
Illinois,IL,40.3363,-89.0022,2002-12-31,3787395383.0
Indiana,IN,39.8647,-86.2604,2002-12-31,1831992075.0
Iowa,IA,42.0046,-93.214,2002-12-31,1050102995.0
Kansas,KS,38.5111,-96.8005,2002-12-31,831895259.0
Kentucky,KY,37.669,-84.6514,2002-12-31,1097466524.0
Louisiana,LA,31.1801,-91.8749,2002-12-31,1454436369.0
Maine,ME,44.6074,-69.3977,2002-12-31,371144771.0
Maryland,MD,39.0724,-76.7902,2002-12-31,1248475008.0
Massachusetts,MA,42.2373,-71.5314,2002-12-31,2158368561.0
Michigan,MI,43.3504,-84.5603,2002-12-31,2853382957.0
Minnesota,MN,45.7326,-93.9196,2002-12-31,1491617009.0
Mississippi,MS,32.7673,-89.6812,2002-12-31,914917630.0
Missouri,MO,38.4623,-92.302,2002-12-31,1825224666.0
Montana,MT,46.9048,-110.3261,2002-12-31,337784625.0
Nebraska,NE,41.1289,-98.2883,2002-12-31,561372404.0
Nevada,NV,38.4199,-117.1219,2002-12-31,315850518.0
New Hampshire,NH,43.4108,-71.5653,2002-12-31,379199766.0
New Jersey,NJ,40.314,-74.5089,2002-12-31,1788556522.0
New Mexico,NM,34.8375,-106.2371,2002-12-31,609110771.0
New York,NY,42.1497,-74.9384,2002-12-31,6856280172.0
North Carolina,NC,35.6411,-79.8431,2002-12-31,1942521331.0
North Dakota,ND,47.5362,-99.793,2002-12-31,293462900.0
Ohio,OH,40.3736,-82.7755,2002-12-31,3346374854.0
Oklahoma,OK,35.5376,-96.9247,2002-12-31,1129165230.0
Oregon,OR,44.5672,-122.1269,2002-12-31,1045914343.0
Pennsylvania,PA,40.5773,-77.264,2002-12-31,4218203051.0
Rhode Island,RI,41.6772,-71.5101,2002-12-31,426601401.0
South Carolina,SC,33.8191,-80.9066,2002-12-31,1086611670.0
South Dakota,SD,44.2853,-99.4632,2002-12-31,342344861.0
Tennessee,TN,35.7449,-86.7489,2002-12-31,1514613174.0
Texas,TX,31.106,-97.6475,2002-12-31,5638643478.0
Utah,UT,40.1135,-111.8535,2002-12-31,594855398.0
Vermont,VT,44.0407,-72.7093,2002-12-31,276976033.0
Virginia,VA,37.768,-78.2057,2002-12-31,1772711389.0
Washington,WA,47.3917,-121.5708,2002-12-31,1501299011.0
West Virginia,WV,38.468,-80.9696,2002-12-31,593509323.0
Wisconsin,WI,44.2563,-89.6385,2002-12-31,1357291868.0
Wyoming,WY,42.7475,-107.2085,2002-12-31,182179355.0
Alabama,AL,32.799,-86.8073,2003-12-31,1584581070.0
Alaska,AK,61.385,-152.2683,2003-12-31,280079667.0
Arizona,AZ,33.7712,-111.3877,2003-12-31,3103945066.0
Arkansas,AR,34.9513,-92.3809,2003-12-31,829601733.0
California,CA,36.17,-119.7462,2003-12-31,9928105199.0
Colorado,CO,39.0646,-105.3272,2003-12-31,1416997560.0
Connecticut,CT,41.5834,-72.7622,2003-12-31,908683240.0
Delaware,DE,39.3498,-75.5148,2003-12-31,226632147.0
District of Columbia,DC,38.9072,-77.037,2003-12-31,747391195.0
Florida,FL,27.8333,-81.717,2003-12-31,4631097940.0
Georgia,GA,32.9866,-83.6487,2003-12-31,2618655949.0
Hawaii,HI,21.1098,-157.5311,2003-12-31,296507436.0
Idaho,ID,44.2394,-114.5103,2003-12-31,443846331.0
Illinois,IL,40.3363,-89.0022,2003-12-31,4402319739.0
Indiana,IN,39.8647,-86.2604,2003-12-31,2012969908.0
Iowa,IA,42.0046,-93.214,2003-12-31,1197441529.0
Kansas,KS,38.5111,-96.8005,2003-12-31,949612346.0
Kentucky,KY,37.669,-84.6514,2003-12-31,1236706200.0
Louisiana,LA,31.1801,-91.8749,2003-12-31,1658234909.0
Maine,ME,44.6074,-69.3977,2003-12-31,402203249.0
Maryland,MD,39.0724,-76.7902,2003-12-31,1366392680.0
Massachusetts,MA,42.2373,-71.5314,2003-12-31,2388397776.0
Michigan,MI,43.3504,-84.5603,2003-12-31,3173344267.0
Minnesota,MN,45.7326,-93.9196,2003-12-31,1754990277.0
Mississippi,MS,32.7673,-89.6812,2003-12-31,1030626853.0
Missouri,MO,38.4623,-92.302,2003-12-31,2061996961.0
Montana,MT,46.9048,-110.3261,2003-12-31,369708627.0
Nebraska,NE,41.1289,-98.2883,2003-12-31,637057108.0
Nevada,NV,38.4199,-117.1219,2003-12-31,363882348.0
New Hampshire,NH,43.4108,-71.5653,2003-12-31,408411200.0
New Jersey,NJ,40.314,-74.5089,2003-12-31,1906148101.0
New Mexico,NM,34.8375,-106.2371,2003-12-31,684817087.0
New York,NY,42.1497,-74.9384,2003-12-31,7590280856.0
North Carolina,NC,35.6411,-79.8431,2003-12-31,2219887909.0
North Dakota,ND,47.5362,-99.793,2003-12-31,318814767.0
Ohio,OH,40.3736,-82.7755,2003-12-31,3829932878.0
Oklahoma,OK,35.5376,-96.9247,2003-12-31,1250970587.0
Oregon,OR,44.5672,-122.1269,2003-12-31,1188324467.0
Pennsylvania,PA,40.5773,-77.264,2003-12-31,4576009648.0
Rhode Island,RI,41.6772,-71.5101,2003-12-31,500204883.0
South Carolina,SC,33.8191,-80.9066,2003-12-31,1240482040.0
South Dakota,SD,44.2853,-99.4632,2003-12-31,373160375.0
Tennessee,TN,35.7449,-86.7489,2003-12-31,1705965593.0
Texas,TX,31.106,-97.6475,2003-12-31,6541541039.0
Utah,UT,40.1135,-111.8535,2003-12-31,674510076.0
Vermont,VT,44.0407,-72.7093,2003-12-31,304548823.0
Virginia,VA,37.768,-78.2057,2003-12-31,1952288975.0
Washington,WA,47.3917,-121.5708,2003-12-31,1663743593.0
West Virginia,WV,38.468,-80.9696,2003-12-31,677382817.0
Wisconsin,WI,44.2563,-89.6385,2003-12-31,1511374487.0
Wyoming,WY,42.7475,-107.2085,2003-12-31,211058170.0
Alabama,AL,32.799,-86.8073,2004-12-31,1672101861.0
Alaska,AK,61.385,-152.2683,2004-12-31,299103691.0
Arizona,AZ,33.7712,-111.3877,2004-12-31,4312713049.0
Arkansas,AR,34.9513,-92.3809,2004-12-31,888970231.0
California,CA,36.17,-119.7462,2004-12-31,10825485264.0
Colorado,CO,39.0646,-105.3272,2004-12-31,1665593582.0
Connecticut,CT,41.5834,-72.7622,2004-12-31,965299387.0
Delaware,DE,39.3498,-75.5148,2004-12-31,286492122.0
District of Columbia,DC,38.9072,-77.037,2004-12-31,832483943.0
Florida,FL,27.8333,-81.717,2004-12-31,5181788479.0
Georgia,GA,32.9866,-83.6487,2004-12-31,3047639805.0
Hawaii,HI,21.1098,-157.5311,2004-12-31,328434252.0
Idaho,ID,44.2394,-114.5103,2004-12-31,465769792.0
Illinois,IL,40.3363,-89.0022,2004-12-31,4949209265.0
Indiana,IN,39.8647,-86.2604,2004-12-31,2163633194.0
Iowa,IA,42.0046,-93.214,2004-12-31,1359456012.0
Kansas,KS,38.5111,-96.8005,2004-12-31,980808704.0
Kentucky,KY,37.669,-84.6514,2004-12-31,1360229743.0
Louisiana,LA,31.1801,-91.8749,2004-12-31,1717280472.0
Maine,ME,44.6074,-69.3977,2004-12-31,423214886.0
Maryland,MD,39.0724,-76.7902,2004-12-31,1505190669.0
Massachusetts,MA,42.2373,-71.5314,2004-12-31,2603588836.0
Michigan,MI,43.3504,-84.5603,2004-12-31,3454672680.0
Minnesota,MN,45.7326,-93.9196,2004-12-31,1939365014.0
Mississippi,MS,32.7673,-89.6812,2004-12-31,1103081748.0
Missouri,MO,38.4623,-92.302,2004-12-31,2258962812.0
Montana,MT,46.9048,-110.3261,2004-12-31,376050552.0
Nebraska,NE,41.1289,-98.2883,2004-12-31,703859098.0
Nevada,NV,38.4199,-117.1219,2004-12-31,400225384.0
New Hampshire,NH,43.4108,-71.5653,2004-12-31,423650638.0
New Jersey,NJ,40.314,-74.5089,2004-12-31,2148413429.0
New Mexico,NM,34.8375,-106.2371,2004-12-31,735023519.0
New York,NY,42.1497,-74.9384,2004-12-31,8106090202.0
North Carolina,NC,35.6411,-79.8431,2004-12-31,2315149754.0
North Dakota,ND,47.5362,-99.793,2004-12-31,323609847.0
Ohio,OH,40.3736,-82.7755,2004-12-31,3919276071.0
Oklahoma,OK,35.5376,-96.9247,2004-12-31,1334923300.0
Oregon,OR,44.5672,-122.1269,2004-12-31,1318760448.0
Pennsylvania,PA,40.5773,-77.264,2004-12-31,4740816851.0
Rhode Island,RI,41.6772,-71.5101,2004-12-31,530793180.0
South Carolina,SC,33.8191,-80.9066,2004-12-31,1313444504.0
South Dakota,SD,44.2853,-99.4632,2004-12-31,375611344.0
Tennessee,TN,35.7449,-86.7489,2004-12-31,1895812898.0
Texas,TX,31.106,-97.6475,2004-12-31,7207764023.0
Utah,UT,40.1135,-111.8535,2004-12-31,762450195.0
Vermont,VT,44.0407,-72.7093,2004-12-31,318894589.0
Virginia,VA,37.768,-78.2057,2004-12-31,2122509463.0
Washington,WA,47.3917,-121.5708,2004-12-31,1780464671.0
West Virginia,WV,38.468,-80.9696,2004-12-31,714586624.0
Wisconsin,WI,44.2563,-89.6385,2004-12-31,1613726426.0
Wyoming,WY,42.7475,-107.2085,2004-12-31,258093648.0
Alabama,AL,32.799,-86.8073,2005-12-31,1677873818.0
Alaska,AK,61.385,-152.2683,2005-12-31,304062005.0
Arizona,AZ,33.7712,-111.3877,2005-12-31,4678691268.0
Arkansas,AR,34.9513,-92.3809,2005-12-31,930347440.0
California,CA,36.17,-119.7462,2005-12-31,11080946384.0
Colorado,CO,39.0646,-105.3272,2005-12-31,1823869012.0
Connecticut,CT,41.5834,-72.7622,2005-12-31,997567838.0
Delaware,DE,39.3498,-75.5148,2005-12-31,293525157.0
District of Columbia,DC,38.9072,-77.037,2005-12-31,716632246.0
Florida,FL,27.8333,-81.717,2005-12-31,5701576524.0
Georgia,GA,32.9866,-83.6487,2005-12-31,3279800371.0
Hawaii,HI,21.1098,-157.5311,2005-12-31,356335228.0
Idaho,ID,44.2394,-114.5103,2005-12-31,468785354.0
Illinois,IL,40.3363,-89.0022,2005-12-31,4728937533.0
Indiana,IN,39.8647,-86.2604,2005-12-31,2243657479.0
Iowa,IA,42.0046,-93.214,2005-12-31,1431675661.0
Kansas,KS,38.5111,-96.8005,2005-12-31,996327475.0
Kentucky,KY,37.669,-84.6514,2005-12-31,1499444374.0
Louisiana,LA,31.1801,-91.8749,2005-12-31,1673063069.0
Maine,ME,44.6074,-69.3977,2005-12-31,418711062.0
Maryland,MD,39.0724,-76.7902,2005-12-31,1564968595.0
Massachusetts,MA,42.2373,-71.5314,2005-12-31,2670561086.0
Michigan,MI,43.3504,-84.5603,2005-12-31,3612333060.0
Minnesota,MN,45.7326,-93.9196,2005-12-31,2133466102.0
Mississippi,MS,32.7673,-89.6812,2005-12-31,1154835325.0
Missouri,MO,38.4623,-92.302,2005-12-31,2356116918.0
Montana,MT,46.9048,-110.3261,2005-12-31,375974288.0
Nebraska,NE,41.1289,-98.2883,2005-12-31,703224866.0
Nevada,NV,38.4199,-117.1219,2005-12-31,447480692.0
New Hampshire,NH,43.4108,-71.5653,2005-12-31,432014135.0
New Jersey,NJ,40.314,-74.5089,2005-12-31,2223697671.0
New Mexico,NM,34.8375,-106.2371,2005-12-31,747461489.0
New York,NY,42.1497,-74.9384,2005-12-31,8153308555.0
North Carolina,NC,35.6411,-79.8431,2005-12-31,2468879245.0
North Dakota,ND,47.5362,-99.793,2005-12-31,340069374.0
Ohio,OH,40.3736,-82.7755,2005-12-31,4034554557.0
Oklahoma,OK,35.5376,-96.9247,2005-12-31,1383106457.0
Oregon,OR,44.5672,-122.1269,2005-12-31,1307882154.0
Pennsylvania,PA,40.5773,-77.264,2005-12-31,5045260714.0
Rhode Island,RI,41.6772,-71.5101,2005-12-31,579074776.0
South Carolina,SC,33.8191,-80.9066,2005-12-31,1325000535.0
South Dakota,SD,44.2853,-99.4632,2005-12-31,404652702.0
Tennessee,TN,35.7449,-86.7489,2005-12-31,1930731025.0
Texas,TX,31.106,-97.6475,2005-12-31,7652047983.0
Utah,UT,40.1135,-111.8535,2005-12-31,763993683.0
Vermont,VT,44.0407,-72.7093,2005-12-31,331030556.0
Virginia,VA,37.768,-78.2057,2005-12-31,2343361290.0
Washington,WA,47.3917,-121.5708,2005-12-31,1790296779.0
West Virginia,WV,38.468,-80.9696,2005-12-31,724741052.0
Wisconsin,WI,44.2563,-89.6385,2005-12-31,1682084698.0
Wyoming,WY,42.7475,-107.2085,2005-12-31,264614902.0
Alabama,AL,32.799,-86.8073,2006-12-31,1658852571.0
Alaska,AK,61.385,-152.2683,2006-12-31,301221949.0
Arizona,AZ,33.7712,-111.3877,2006-12-31,5024773228.0
Arkansas,AR,34.9513,-92.3809,2006-12-31,943608285.0
California,CA,36.17,-119.7462,2006-12-31,11259250170.0
Colorado,CO,39.0646,-105.3272,2006-12-31,1906039380.0
Connecticut,CT,41.5834,-72.7622,2006-12-31,989209889.0
Delaware,DE,39.3498,-75.5148,2006-12-31,288998217.0
District of Columbia,DC,38.9072,-77.037,2006-12-31,797311644.0
Florida,FL,27.8333,-81.717,2006-12-31,5805917256.0
Georgia,GA,32.9866,-83.6487,2006-12-31,3385081272.0
Hawaii,HI,21.1098,-157.5311,2006-12-31,352899977.0
Idaho,ID,44.2394,-114.5103,2006-12-31,467601127.0
Illinois,IL,40.3363,-89.0022,2006-12-31,4879526580.0
Indiana,IN,39.8647,-86.2604,2006-12-31,2271212934.0
Iowa,IA,42.0046,-93.214,2006-12-31,1523025722.0
Kansas,KS,38.5111,-96.8005,2006-12-31,985416174.0
Kentucky,KY,37.669,-84.6514,2006-12-31,1499200583.0
Louisiana,LA,31.1801,-91.8749,2006-12-31,1660398638.0
Maine,ME,44.6074,-69.3977,2006-12-31,427830422.0
Maryland,MD,39.0724,-76.7902,2006-12-31,1573459095.0
Massachusetts,MA,42.2373,-71.5314,2006-12-31,2608631711.0
Michigan,MI,43.3504,-84.5603,2006-12-31,3734005600.0
Minnesota,MN,45.7326,-93.9196,2006-12-31,2322627249.0
Mississippi,MS,32.7673,-89.6812,2006-12-31,1120054323.0
Missouri,MO,38.4623,-92.302,2006-12-31,2455501942.0
Montana,MT,46.9048,-110.3261,2006-12-31,373357573.0
Nebraska,NE,41.1289,-98.2883,2006-12-31,708693051.0
Nevada,NV,38.4199,-117.1219,2006-12-31,452284897.0
New Hampshire,NH,43.4108,-71.5653,2006-12-31,438087063.0
New Jersey,NJ,40.314,-74.5089,2006-12-31,2122576555.0
New Mexico,NM,34.8375,-106.2371,2006-12-31,732575554.0
New York,NY,42.1497,-74.9384,2006-12-31,8196631641.0
North Carolina,NC,35.6411,-79.8431,2006-12-31,2535976395.0
North Dakota,ND,47.5362,-99.793,2006-12-31,350723567.0
Ohio,OH,40.3736,-82.7755,2006-12-31,4122599532.0
Oklahoma,OK,35.5376,-96.9247,2006-12-31,1358397668.0
Oregon,OR,44.5672,-122.1269,2006-12-31,1295029955.0
Pennsylvania,PA,40.5773,-77.264,2006-12-31,5294647339.0
Rhode Island,RI,41.6772,-71.5101,2006-12-31,552904039.0
South Carolina,SC,33.8191,-80.9066,2006-12-31,1374888937.0
South Dakota,SD,44.2853,-99.4632,2006-12-31,385732599.0
Tennessee,TN,35.7449,-86.7489,2006-12-31,1976977392.0
Texas,TX,31.106,-97.6475,2006-12-31,7792289367.0
Utah,UT,40.1135,-111.8535,2006-12-31,767757139.0
Vermont,VT,44.0407,-72.7093,2006-12-31,348958046.0
Virginia,VA,37.768,-78.2057,2006-12-31,2400097845.0
Washington,WA,47.3917,-121.5708,2006-12-31,1718697048.0
West Virginia,WV,38.468,-80.9696,2006-12-31,747262992.0
Wisconsin,WI,44.2563,-89.6385,2006-12-31,1695229913.0
Wyoming,WY,42.7475,-107.2085,2006-12-31,247839567.0
Alabama,AL,32.799,-86.8073,2007-12-31,1774144162.3023155
Alaska,AK,61.385,-152.2683,2007-12-31,305996183.9421146
Arizona,AZ,33.7712,-111.3877,2007-12-31,5864572509.832415
Arkansas,AR,34.9513,-92.3809,2007-12-31,988744640.7514713
California,CA,36.17,-119.7462,2007-12-31,11912567291.204268
Colorado,CO,39.0646,-105.3272,2007-12-31,2029026694.8574886
Connecticut,CT,41.5834,-72.7622,2007-12-31,1081503458.5414424
Delaware,DE,39.3498,-75.5148,2007-12-31,325591740.0968576
District of Columbia,DC,38.9072,-77.037,2007-12-31,853788582.6521485
Florida,FL,27.8333,-81.717,2007-12-31,6267422114.950626
Georgia,GA,32.9866,-83.6487,2007-12-31,3511477351.5380144
Hawaii,HI,21.1098,-157.5311,2007-12-31,342789117.55714333
Idaho,ID,44.2394,-114.5103,2007-12-31,484532926.009973
Illinois,IL,40.3363,-89.0022,2007-12-31,5255753297.891718
Indiana,IN,39.8647,-86.2604,2007-12-31,2486601473.6962805
Iowa,IA,42.0046,-93.214,2007-12-31,1960014303.6780062
Kansas,KS,38.5111,-96.8005,2007-12-31,1038701561.9185973
Kentucky,KY,37.669,-84.6514,2007-12-31,1624990569.6228218
Louisiana,LA,31.1801,-91.8749,2007-12-31,1671183286.2159557
Maine,ME,44.6074,-69.3977,2007-12-31,447461242.2228127
Maryland,MD,39.0724,-76.7902,2007-12-31,1707514008.858193
Massachusetts,MA,42.2373,-71.5314,2007-12-31,2791876591.0046954
Michigan,MI,43.3504,-84.5603,2007-12-31,4194823730.367516
Minnesota,MN,45.7326,-93.9196,2007-12-31,2720416368.321669
Mississippi,MS,32.7673,-89.6812,2007-12-31,1235401453.9949296
Missouri,MO,38.4623,-92.302,2007-12-31,2510828590.359565
Montana,MT,46.9048,-110.3261,2007-12-31,377637340.90338063
Nebraska,NE,41.1289,-98.2883,2007-12-31,750456923.236449
Nevada,NV,38.4199,-117.1219,2007-12-31,548856690.6693194
New Hampshire,NH,43.4108,-71.5653,2007-12-31,479709023.6297827
New Jersey,NJ,40.314,-74.5089,2007-12-31,2302794768.1811304
New Mexico,NM,34.8375,-106.2371,2007-12-31,737216000.3221716
New York,NY,42.1497,-74.9384,2007-12-31,8514733209.860519
North Carolina,NC,35.6411,-79.8431,2007-12-31,2712595649.9143333
North Dakota,ND,47.5362,-99.793,2007-12-31,338478195.27664554
Ohio,OH,40.3736,-82.7755,2007-12-31,4439000194.211112
Oklahoma,OK,35.5376,-96.9247,2007-12-31,1369915636.7395148
Oregon,OR,44.5672,-122.1269,2007-12-31,1372901433.4721508
Pennsylvania,PA,40.5773,-77.264,2007-12-31,5586045204.878926
Rhode Island,RI,41.6772,-71.5101,2007-12-31,607021205.2938986
South Carolina,SC,33.8191,-80.9066,2007-12-31,1486225056.0821364
South Dakota,SD,44.2853,-99.4632,2007-12-31,401770417.2048669
Tennessee,TN,35.7449,-86.7489,2007-12-31,2132145239.9699438
Texas,TX,31.106,-97.6475,2007-12-31,7953251576.877334
Utah,UT,40.1135,-111.8535,2007-12-31,807844964.864002
Vermont,VT,44.0407,-72.7093,2007-12-31,382073087.9937973
Virginia,VA,37.768,-78.2057,2007-12-31,2668430090.704709
Washington,WA,47.3917,-121.5708,2007-12-31,1775557207.2663503
West Virginia,WV,38.468,-80.9696,2007-12-31,813660993.2385359
Wisconsin,WI,44.2563,-89.6385,2007-12-31,1867581068.2729087
Wyoming,WY,42.7475,-107.2085,2007-12-31,218406197.33687085
Alabama,AL,32.799,-86.8073,2008-12-31,1986869435.5606759
Alaska,AK,61.385,-152.2683,2008-12-31,318560716.1748154
Arizona,AZ,33.7712,-111.3877,2008-12-31,6375493472.002057
Arkansas,AR,34.9513,-92.3809,2008-12-31,1046683516.9065185
California,CA,36.17,-119.7462,2008-12-31,12912570107.967741
Colorado,CO,39.0646,-105.3272,2008-12-31,2200548161.3068852
Connecticut,CT,41.5834,-72.7622,2008-12-31,1150836530.7865043
Delaware,DE,39.3498,-75.5148,2008-12-31,362014919.07252324
District of Columbia,DC,38.9072,-77.037,2008-12-31,927957391.4116604
Florida,FL,27.8333,-81.717,2008-12-31,6744987113.8798485
Georgia,GA,32.9866,-83.6487,2008-12-31,3907401173.2999687
Hawaii,HI,21.1098,-157.5311,2008-12-31,353191297.8982313
Idaho,ID,44.2394,-114.5103,2008-12-31,562589289.008841
Illinois,IL,40.3363,-89.0022,2008-12-31,5813116522.846838
Indiana,IN,39.8647,-86.2604,2008-12-31,2663698921.9775233
Iowa,IA,42.0046,-93.214,2008-12-31,2276849747.888604
Kansas,KS,38.5111,-96.8005,2008-12-31,1114729744.044178
Kentucky,KY,37.669,-84.6514,2008-12-31,1739805781.3224006
Louisiana,LA,31.1801,-91.8749,2008-12-31,1734100593.0742474
Maine,ME,44.6074,-69.3977,2008-12-31,478196984.58579665
Maryland,MD,39.0724,-76.7902,2008-12-31,1914689257.6423488
Massachusetts,MA,42.2373,-71.5314,2008-12-31,3153444000.595341
Michigan,MI,43.3504,-84.5603,2008-12-31,4795022744.977551
Minnesota,MN,45.7326,-93.9196,2008-12-31,2973502579.962306
Mississippi,MS,32.7673,-89.6812,2008-12-31,1302401255.492445
Missouri,MO,38.4623,-92.302,2008-12-31,2659692755.0352917
Montana,MT,46.9048,-110.3261,2008-12-31,390295347.34859556
Nebraska,NE,41.1289,-98.2883,2008-12-31,811008585.7071283
Nevada,NV,38.4199,-117.1219,2008-12-31,604407231.6094191
New Hampshire,NH,43.4108,-71.5653,2008-12-31,505989489.0445565
New Jersey,NJ,40.314,-74.5089,2008-12-31,2569965494.436418
New Mexico,NM,34.8375,-106.2371,2008-12-31,784943743.4451177
New York,NY,42.1497,-74.9384,2008-12-31,9170530970.21609
North Carolina,NC,35.6411,-79.8431,2008-12-31,2987459791.3119984
North Dakota,ND,47.5362,-99.793,2008-12-31,347491309.7391321
Ohio,OH,40.3736,-82.7755,2008-12-31,4977033576.553141
Oklahoma,OK,35.5376,-96.9247,2008-12-31,1460048449.925291
Oregon,OR,44.5672,-122.1269,2008-12-31,1570400632.407875
Pennsylvania,PA,40.5773,-77.264,2008-12-31,5782155092.401718
Rhode Island,RI,41.6772,-71.5101,2008-12-31,672191792.5817766
South Carolina,SC,33.8191,-80.9066,2008-12-31,1594238879.3544283
South Dakota,SD,44.2853,-99.4632,2008-12-31,416833841.02714324
Tennessee,TN,35.7449,-86.7489,2008-12-31,2291867545.2822094
Texas,TX,31.106,-97.6475,2008-12-31,8419664869.473316
Utah,UT,40.1135,-111.8535,2008-12-31,851623835.141402
Vermont,VT,44.0407,-72.7093,2008-12-31,392882307.668399
Virginia,VA,37.768,-78.2057,2008-12-31,2930408742.574581
Washington,WA,47.3917,-121.5708,2008-12-31,1960404300.3243527
West Virginia,WV,38.468,-80.9696,2008-12-31,951378317.5085075
Wisconsin,WI,44.2563,-89.6385,2008-12-31,1995660622.59787
Wyoming,WY,42.7475,-107.2085,2008-12-31,224783405.1496553
Alabama,AL,32.799,-86.8073,2009-12-31,2472093599.4639006
Alaska,AK,61.385,-152.2683,2009-12-31,347373459.52648604
Arizona,AZ,33.7712,-111.3877,2009-12-31,8052788118.099042
Arkansas,AR,34.9513,-92.3809,2009-12-31,1303196239.4857664
California,CA,36.17,-119.7462,2009-12-31,15405843838.274593
Colorado,CO,39.0646,-105.3272,2009-12-31,2742721575.5445404
Connecticut,CT,41.5834,-72.7622,2009-12-31,1385394653.5959215
Delaware,DE,39.3498,-75.5148,2009-12-31,433831127.23378223
District of Columbia,DC,38.9072,-77.037,2009-12-31,1141626722.7769148
Florida,FL,27.8333,-81.717,2009-12-31,8511101401.107056
Georgia,GA,32.9866,-83.6487,2009-12-31,4948357555.281504
Hawaii,HI,21.1098,-157.5311,2009-12-31,413389206.03535044
Idaho,ID,44.2394,-114.5103,2009-12-31,690659432.8122847
Illinois,IL,40.3363,-89.0022,2009-12-31,7161797552.681707
Indiana,IN,39.8647,-86.2604,2009-12-31,3279151829.51748
Iowa,IA,42.0046,-93.214,2009-12-31,2875339159.601309
Kansas,KS,38.5111,-96.8005,2009-12-31,1363485196.2967434
Kentucky,KY,37.669,-84.6514,2009-12-31,2146866189.1474183
Louisiana,LA,31.1801,-91.8749,2009-12-31,2077358089.361903
Maine,ME,44.6074,-69.3977,2009-12-31,574159256.7116923
Maryland,MD,39.0724,-76.7902,2009-12-31,2311199243.390616
Massachusetts,MA,42.2373,-71.5314,2009-12-31,3807861860.4410057
Michigan,MI,43.3504,-84.5603,2009-12-31,5877161081.299996
Minnesota,MN,45.7326,-93.9196,2009-12-31,3663969867.2182546
Mississippi,MS,32.7673,-89.6812,2009-12-31,1614185247.0973263
Missouri,MO,38.4623,-92.302,2009-12-31,3263793460.3904524
Montana,MT,46.9048,-110.3261,2009-12-31,461530280.921003
Nebraska,NE,41.1289,-98.2883,2009-12-31,980032361.342829
Nevada,NV,38.4199,-117.1219,2009-12-31,723369567.7891027
New Hampshire,NH,43.4108,-71.5653,2009-12-31,609220584.1263385
New Jersey,NJ,40.314,-74.5089,2009-12-31,3091574879.0669994
New Mexico,NM,34.8375,-106.2371,2009-12-31,941453980.4234154
New York,NY,42.1497,-74.9384,2009-12-31,11195739163.54234
North Carolina,NC,35.6411,-79.8431,2009-12-31,3602896422.434803
North Dakota,ND,47.5362,-99.793,2009-12-31,416121395.43773603
Ohio,OH,40.3736,-82.7755,2009-12-31,6119723156.538994
Oklahoma,OK,35.5376,-96.9247,2009-12-31,1780419970.5226874
Oregon,OR,44.5672,-122.1269,2009-12-31,1915730775.7602482
Pennsylvania,PA,40.5773,-77.264,2009-12-31,6974433059.082256
Rhode Island,RI,41.6772,-71.5101,2009-12-31,812846791.7645147
South Carolina,SC,33.8191,-80.9066,2009-12-31,1941556167.4297607
South Dakota,SD,44.2853,-99.4632,2009-12-31,498546323.89459586
Tennessee,TN,35.7449,-86.7489,2009-12-31,2855106852.7972193
Texas,TX,31.106,-97.6475,2009-12-31,10165239531.960423
Utah,UT,40.1135,-111.8535,2009-12-31,1079681038.8473306
Vermont,VT,44.0407,-72.7093,2009-12-31,471165767.26815426
Virginia,VA,37.768,-78.2057,2009-12-31,3586989308.048314
Washington,WA,47.3917,-121.5708,2009-12-31,2364080504.816329
West Virginia,WV,38.468,-80.9696,2009-12-31,1143885466.907291
Wisconsin,WI,44.2563,-89.6385,2009-12-31,2414288905.887144
Wyoming,WY,42.7475,-107.2085,2009-12-31,266421146.81144214
Alabama,AL,32.799,-86.8073,2010-12-31,3061491531.0310545
Alaska,AK,61.385,-152.2683,2010-12-31,427620917.4141768
Arizona,AZ,33.7712,-111.3877,2010-12-31,10181765748.049038
Arkansas,AR,34.9513,-92.3809,2010-12-31,1542976135.7694557
California,CA,36.17,-119.7462,2010-12-31,18401548958.991646
Colorado,CO,39.0646,-105.3272,2010-12-31,3383144560.2268295
Connecticut,CT,41.5834,-72.7622,2010-12-31,1685550602.5165327
Delaware,DE,39.3498,-75.5148,2010-12-31,529740270.3580239
District of Columbia,DC,38.9072,-77.037,2010-12-31,1691927260.7137256
Florida,FL,27.8333,-81.717,2010-12-31,10463075106.306137
Georgia,GA,32.9866,-83.6487,2010-12-31,6605891174.707106
Hawaii,HI,21.1098,-157.5311,2010-12-31,86355191.05193184
Idaho,ID,44.2394,-114.5103,2010-12-31,835840128.8128563
Illinois,IL,40.3363,-89.0022,2010-12-31,9151542441.046131
Indiana,IN,39.8647,-86.2604,2010-12-31,4430351596.675518
Iowa,IA,42.0046,-93.214,2010-12-31,4200960739.8985796
Kansas,KS,38.5111,-96.8005,2010-12-31,1639412700.683092
Kentucky,KY,37.669,-84.6514,2010-12-31,2562570756.5695868
Louisiana,LA,31.1801,-91.8749,2010-12-31,2335545319.087903
Maine,ME,44.6074,-69.3977,2010-12-31,699844636.5463898
Maryland,MD,39.0724,-76.7902,2010-12-31,2751359220.2698717
Massachusetts,MA,42.2373,-71.5314,2010-12-31,4216387368.918291
Michigan,MI,43.3504,-84.5603,2010-12-31,6717055727.605217
Minnesota,MN,45.7326,-93.9196,2010-12-31,4608090142.469979
Mississippi,MS,32.7673,-89.6812,2010-12-31,1838020863.6624227
Missouri,MO,38.4623,-92.302,2010-12-31,3968124334.432769
Montana,MT,46.9048,-110.3261,2010-12-31,555874103.6614978
Nebraska,NE,41.1289,-98.2883,2010-12-31,1096751910.678939
Nevada,NV,38.4199,-117.1219,2010-12-31,892655776.8005075
New Hampshire,NH,43.4108,-71.5653,2010-12-31,735167198.6598392
New Jersey,NJ,40.314,-74.5089,2010-12-31,3493151504.8139815
New Mexico,NM,34.8375,-106.2371,2010-12-31,1120863622.4072208
New York,NY,42.1497,-74.9384,2010-12-31,12795002410.029142
North Carolina,NC,35.6411,-79.8431,2010-12-31,4424904920.598891
North Dakota,ND,47.5362,-99.793,2010-12-31,458969832.6392921
Ohio,OH,40.3736,-82.7755,2010-12-31,7605066446.904993
Oklahoma,OK,35.5376,-96.9247,2010-12-31,1961296841.233154
Oregon,OR,44.5672,-122.1269,2010-12-31,2359873142.208431
Pennsylvania,PA,40.5773,-77.264,2010-12-31,8439063998.979605
Rhode Island,RI,41.6772,-71.5101,2010-12-31,807647788.3853979
South Carolina,SC,33.8191,-80.9066,2010-12-31,2525717313.919186
South Dakota,SD,44.2853,-99.4632,2010-12-31,598234609.1395724
Tennessee,TN,35.7449,-86.7489,2010-12-31,3473788990.4155254
Texas,TX,31.106,-97.6475,2010-12-31,12354590579.167408
Utah,UT,40.1135,-111.8535,2010-12-31,1622124306.3897467
Vermont,VT,44.0407,-72.7093,2010-12-31,504029603.4503603
Virginia,VA,37.768,-78.2057,2010-12-31,4487279644.010174
Washington,WA,47.3917,-121.5708,2010-12-31,2842846379.923826
West Virginia,WV,38.468,-80.9696,2010-12-31,1336927078.412609
Wisconsin,WI,44.2563,-89.6385,2010-12-31,2915774857.724105
Wyoming,WY,42.7475,-107.2085,2010-12-31,272369090.66996115
Alabama,AL,32.799,-86.8073,2011-12-31,2879238226.0446415
Alaska,AK,61.385,-152.2683,2011-12-31,439835771.0249293
Arizona,AZ,33.7712,-111.3877,2011-12-31,8998281669.28803
Arkansas,AR,34.9513,-92.3809,2011-12-31,1460922257.2767777
California,CA,36.17,-119.7462,2011-12-31,17284116871.01024
Colorado,CO,39.0646,-105.3272,2011-12-31,3292972712.714243
Connecticut,CT,41.5834,-72.7622,2011-12-31,1646164335.9890282
Delaware,DE,39.3498,-75.5148,2011-12-31,375182304.8873441
District of Columbia,DC,38.9072,-77.037,2011-12-31,2026483134.4335716
Florida,FL,27.8333,-81.717,2011-12-31,10371606988.969017
Georgia,GA,32.9866,-83.6487,2011-12-31,5480540148.936842
Hawaii,HI,21.1098,-157.5311,2011-12-31,524570627.85130656
Idaho,ID,44.2394,-114.5103,2011-12-31,850625017.7736428
Illinois,IL,40.3363,-89.0022,2011-12-31,9240377997.204586
Indiana,IN,39.8647,-86.2604,2011-12-31,4713456128.018209
Iowa,IA,42.0046,-93.214,2011-12-31,4109414058.5561295
Kansas,KS,38.5111,-96.8005,2011-12-31,638328561.0
Kentucky,KY,37.669,-84.6514,2011-12-31,2507020977.2977467
Louisiana,LA,31.1801,-91.8749,2011-12-31,2270917149.7031507
Maine,ME,44.6074,-69.3977,2011-12-31,697328857.436976
Maryland,MD,39.0724,-76.7902,2011-12-31,2600882404.963085
Massachusetts,MA,42.2373,-71.5314,2011-12-31,4051605567.212447
Michigan,MI,43.3504,-84.5603,2011-12-31,6171461102.136703
Minnesota,MN,45.7326,-93.9196,2011-12-31,4585013228.439859
Mississippi,MS,32.7673,-89.6812,2011-12-31,1696324100.466321
Missouri,MO,38.4623,-92.302,2011-12-31,3814949688.5424733
Montana,MT,46.9048,-110.3261,2011-12-31,550442264.6610246
Nebraska,NE,41.1289,-98.2883,2011-12-31,1123544237.1498504
Nevada,NV,38.4199,-117.1219,2011-12-31,812512832.8528281
New Hampshire,NH,43.4108,-71.5653,2011-12-31,737241054.8730211
New Jersey,NJ,40.314,-74.5089,2011-12-31,3302515883.3674784
New Mexico,NM,34.8375,-106.2371,2011-12-31,1045447262.8155277
New York,NY,42.1497,-74.9384,2011-12-31,11988354948.73882
North Carolina,NC,35.6411,-79.8431,2011-12-31,4322845061.110249
North Dakota,ND,47.5362,-99.793,2011-12-31,436316716.6853266
Ohio,OH,40.3736,-82.7755,2011-12-31,7040748173.114639
Oklahoma,OK,35.5376,-96.9247,2011-12-31,1914987911.5102
Oregon,OR,44.5672,-122.1269,2011-12-31,2332033006.4620976
Pennsylvania,PA,40.5773,-77.264,2011-12-31,8203593196.514718
Rhode Island,RI,41.6772,-71.5101,2011-12-31,832176444.8727132
South Carolina,SC,33.8191,-80.9066,2011-12-31,2337037905.5461063
South Dakota,SD,44.2853,-99.4632,2011-12-31,665308184.0754706
Tennessee,TN,35.7449,-86.7489,2011-12-31,3386508073.9085884
Texas,TX,31.106,-97.6475,2011-12-31,11815683237.050232
Utah,UT,40.1135,-111.8535,2011-12-31,1712850037.2267036
Vermont,VT,44.0407,-72.7093,2011-12-31,499797462.8197448
Virginia,VA,37.768,-78.2057,2011-12-31,4233269653.7983394
Washington,WA,47.3917,-121.5708,2011-12-31,2587085704.0364213
West Virginia,WV,38.468,-80.9696,2011-12-31,1365050780.6102276
Wisconsin,WI,44.2563,-89.6385,2011-12-31,2820795505.640907
Wyoming,WY,42.7475,-107.2085,2011-12-31,270636459.4259438
Alabama,AL,32.799,-86.8073,2012-12-31,2845439867.286647
Alaska,AK,61.385,-152.2683,2012-12-31,450029057.03722364
Arizona,AZ,33.7712,-111.3877,2012-12-31,8048923633.054579
Arkansas,AR,34.9513,-92.3809,2012-12-31,1423079498.214991
California,CA,36.17,-119.7462,2012-12-31,17137797045.492912
Colorado,CO,39.0646,-105.3272,2012-12-31,3115254276.0142183
Connecticut,CT,41.5834,-72.7622,2012-12-31,1673334566.4696145
Delaware,DE,39.3498,-75.5148,2012-12-31,441221808.356023
District of Columbia,DC,38.9072,-77.037,2012-12-31,1825921477.7796135
Florida,FL,27.8333,-81.717,2012-12-31,10068816174.38293
Georgia,GA,32.9866,-83.6487,2012-12-31,5345661550.858009
Hawaii,HI,21.1098,-157.5311,2012-12-31,520633695.8711002
Idaho,ID,44.2394,-114.5103,2012-12-31,792912554.7285218
Illinois,IL,40.3363,-89.0022,2012-12-31,8392571592.130815
Indiana,IN,39.8647,-86.2604,2012-12-31,4437755509.990668
Iowa,IA,42.0046,-93.214,2012-12-31,3683401846.6426682
Kansas,KS,38.5111,-96.8005,2012-12-31,635906241.0
Kentucky,KY,37.669,-84.6514,2012-12-31,2440632217.103861
Louisiana,LA,31.1801,-91.8749,2012-12-31,2220360080.5956593
Maine,ME,44.6074,-69.3977,2012-12-31,679890129.9367888
Maryland,MD,39.0724,-76.7902,2012-12-31,2581653431.592053
Massachusetts,MA,42.2373,-71.5314,2012-12-31,3980866176.305411
Michigan,MI,43.3504,-84.5603,2012-12-31,5768368134.203609
Minnesota,MN,45.7326,-93.9196,2012-12-31,4392252001.962891
Mississippi,MS,32.7673,-89.6812,2012-12-31,1601233891.6698728
Missouri,MO,38.4623,-92.302,2012-12-31,3650429996.3746753
Montana,MT,46.9048,-110.3261,2012-12-31,526241070.7174267
Nebraska,NE,41.1289,-98.2883,2012-12-31,1105802556.1976197
Nevada,NV,38.4199,-117.1219,2012-12-31,834065970.5710326
New Hampshire,NH,43.4108,-71.5653,2012-12-31,797839221.0406442
New Jersey,NJ,40.314,-74.5089,2012-12-31,3410837408.9159756
New Mexico,NM,34.8375,-106.2371,2012-12-31,1049024111.595638
New York,NY,42.1497,-74.9384,2012-12-31,11550565473.686506
North Carolina,NC,35.6411,-79.8431,2012-12-31,4427093117.393629
North Dakota,ND,47.5362,-99.793,2012-12-31,411803268.25785017
Ohio,OH,40.3736,-82.7755,2012-12-31,6821621422.366528
Oklahoma,OK,35.5376,-96.9247,2012-12-31,1856728667.1653588
Oregon,OR,44.5672,-122.1269,2012-12-31,2473095210.801275
Pennsylvania,PA,40.5773,-77.264,2012-12-31,8053091861.342825
Rhode Island,RI,41.6772,-71.5101,2012-12-31,787188502.1728455
South Carolina,SC,33.8191,-80.9066,2012-12-31,2360877062.7286553
South Dakota,SD,44.2853,-99.4632,2012-12-31,639611810.1303078
Tennessee,TN,35.7449,-86.7489,2012-12-31,3230108526.0085545
Texas,TX,31.106,-97.6475,2012-12-31,11391471500.428429
Utah,UT,40.1135,-111.8535,2012-12-31,1693986698.5140305
Vermont,VT,44.0407,-72.7093,2012-12-31,488598108.44369483
Virginia,VA,37.768,-78.2057,2012-12-31,4451067362.320328
Washington,WA,47.3917,-121.5708,2012-12-31,2629058548.8428144
West Virginia,WV,38.468,-80.9696,2012-12-31,1360174319.0084991
Wisconsin,WI,44.2563,-89.6385,2012-12-31,2786588957.639558
Wyoming,WY,42.7475,-107.2085,2012-12-31,248121510.3890437
Alabama,AL,32.799,-86.8073,2013-12-31,2883319880.1582117
Alaska,AK,61.385,-152.2683,2013-12-31,443908978.39474666
Arizona,AZ,33.7712,-111.3877,2013-12-31,8189692877.575838
Arkansas,AR,34.9513,-92.3809,2013-12-31,1412106992.3086104
California,CA,36.17,-119.7462,2013-12-31,15768503223.823475
Colorado,CO,39.0646,-105.3272,2013-12-31,3062212569.8883076
Connecticut,CT,41.5834,-72.7622,2013-12-31,1579567772.6881394
Delaware,DE,39.3498,-75.5148,2013-12-31,502047740.2685438
District of Columbia,DC,38.9072,-77.037,2013-12-31,1861968102.9025302
Florida,FL,27.8333,-81.717,2013-12-31,10071335583.579168
Georgia,GA,32.9866,-83.6487,2013-12-31,5245788391.58469
Hawaii,HI,21.1098,-157.5311,2013-12-31,509054101.6844547
Idaho,ID,44.2394,-114.5103,2013-12-31,759674746.7359629
Illinois,IL,40.3363,-89.0022,2013-12-31,7839065368.138483
Indiana,IN,39.8647,-86.2604,2013-12-31,4205383182.271881
Iowa,IA,42.0046,-93.214,2013-12-31,3960865384.481829
Kansas,KS,38.5111,-96.8005,2013-12-31,1513568780.260771
Kentucky,KY,37.669,-84.6514,2013-12-31,2438921453.628294
Louisiana,LA,31.1801,-91.8749,2013-12-31,2216834661.001148
Maine,ME,44.6074,-69.3977,2013-12-31,657303870.5447232
Maryland,MD,39.0724,-76.7902,2013-12-31,2509739948.16199
Massachusetts,MA,42.2373,-71.5314,2013-12-31,3827930585.9410553
Michigan,MI,43.3504,-84.5603,2013-12-31,5851569061.853476
Minnesota,MN,45.7326,-93.9196,2013-12-31,4584980154.514042
Mississippi,MS,32.7673,-89.6812,2013-12-31,1654276502.5408149
Missouri,MO,38.4623,-92.302,2013-12-31,3654208979.9084826
Montana,MT,46.9048,-110.3261,2013-12-31,500145703.60545117
Nebraska,NE,41.1289,-98.2883,2013-12-31,1052268652.5820205
Nevada,NV,38.4199,-117.1219,2013-12-31,817172094.2904028
New Hampshire,NH,43.4108,-71.5653,2013-12-31,924434873.4711994
New Jersey,NJ,40.314,-74.5089,2013-12-31,3321638019.062497
New Mexico,NM,34.8375,-106.2371,2013-12-31,1051517078.4193318
New York,NY,42.1497,-74.9384,2013-12-31,10311931101.453983
North Carolina,NC,35.6411,-79.8431,2013-12-31,4255606956.9856806
North Dakota,ND,47.5362,-99.793,2013-12-31,421661584.1793661
Ohio,OH,40.3736,-82.7755,2013-12-31,6421237915.678899
Oklahoma,OK,35.5376,-96.9247,2013-12-31,1778587182.6057856
Oregon,OR,44.5672,-122.1269,2013-12-31,2296863707.8806744
Pennsylvania,PA,40.5773,-77.264,2013-12-31,7367054550.411442
Rhode Island,RI,41.6772,-71.5101,2013-12-31,649316889.4540348
South Carolina,SC,33.8191,-80.9066,2013-12-31,2289810378.053769
South Dakota,SD,44.2853,-99.4632,2013-12-31,649529202.2228878
Tennessee,TN,35.7449,-86.7489,2013-12-31,3132834992.9042435
Texas,TX,31.106,-97.6475,2013-12-31,11311390682.918709
Utah,UT,40.1135,-111.8535,2013-12-31,1717424603.8916152
Vermont,VT,44.0407,-72.7093,2013-12-31,393893570.00827277
Virginia,VA,37.768,-78.2057,2013-12-31,4671895919.688204
Washington,WA,47.3917,-121.5708,2013-12-31,2477981796.0963955
West Virginia,WV,38.468,-80.9696,2013-12-31,1398937899.3019707
Wisconsin,WI,44.2563,-89.6385,2013-12-31,2756437231.7168612
Wyoming,WY,42.7475,-107.2085,2013-12-31,246150077.84732646
Alabama,AL,32.799,-86.8073,2014-12-31,2875991323.5722704
Alaska,AK,61.385,-152.2683,2014-12-31,425276010.97123915
Arizona,AZ,33.7712,-111.3877,2014-12-31,7477469185.624355
Arkansas,AR,34.9513,-92.3809,2014-12-31,1405013759.946279
California,CA,36.17,-119.7462,2014-12-31,16816137362.915615
Colorado,CO,39.0646,-105.3272,2014-12-31,2965284073.9779024
Connecticut,CT,41.5834,-72.7622,2014-12-31,1656657509.7006075
Delaware,DE,39.3498,-75.5148,2014-12-31,494499653.7357788
District of Columbia,DC,38.9072,-77.037,2014-12-31,1781215702.9155788
Florida,FL,27.8333,-81.717,2014-12-31,9992845893.930006
Georgia,GA,32.9866,-83.6487,2014-12-31,5183160669.884556
Hawaii,HI,21.1098,-157.5311,2014-12-31,494017468.87579536
Idaho,ID,44.2394,-114.5103,2014-12-31,743821754.2032768
Illinois,IL,40.3363,-89.0022,2014-12-31,7649445915.603471
Indiana,IN,39.8647,-86.2604,2014-12-31,4187494654.7147474
Iowa,IA,42.0046,-93.214,2014-12-31,2775868884.0567627
Kansas,KS,38.5111,-96.8005,2014-12-31,1611277229.2034452
Kentucky,KY,37.669,-84.6514,2014-12-31,2346257238.495531
Louisiana,LA,31.1801,-91.8749,2014-12-31,2240881517.3290453
Maine,ME,44.6074,-69.3977,2014-12-31,705625905.7939695
Maryland,MD,39.0724,-76.7902,2014-12-31,2561599475.7521343
Massachusetts,MA,42.2373,-71.5314,2014-12-31,3890410363.585373
Michigan,MI,43.3504,-84.5603,2014-12-31,5755325241.73115
Minnesota,MN,45.7326,-93.9196,2014-12-31,4593669239.972509
Mississippi,MS,32.7673,-89.6812,2014-12-31,1560533444.2682786
Missouri,MO,38.4623,-92.302,2014-12-31,3573389123.2930155
Montana,MT,46.9048,-110.3261,2014-12-31,473923372.282973
Nebraska,NE,41.1289,-98.2883,2014-12-31,1039436981.8622141
Nevada,NV,38.4199,-117.1219,2014-12-31,902732832.3670833
New Hampshire,NH,43.4108,-71.5653,2014-12-31,1210270110.2458663
New Jersey,NJ,40.314,-74.5089,2014-12-31,3356473984.229063
New Mexico,NM,34.8375,-106.2371,2014-12-31,964642121.3563994
New York,NY,42.1497,-74.9384,2014-12-31,10508839360.034155
North Carolina,NC,35.6411,-79.8431,2014-12-31,4317675175.312792
North Dakota,ND,47.5362,-99.793,2014-12-31,414318107.4766298
Ohio,OH,40.3736,-82.7755,2014-12-31,6152376231.396399
Oklahoma,OK,35.5376,-96.9247,2014-12-31,1743623228.4346442
Oregon,OR,44.5672,-122.1269,2014-12-31,2283322909.4437914
Pennsylvania,PA,40.5773,-77.264,2014-12-31,7320042265.236679
Rhode Island,RI,41.6772,-71.5101,2014-12-31,684170147.8672817
South Carolina,SC,33.8191,-80.9066,2014-12-31,2293325822.947748
South Dakota,SD,44.2853,-99.4632,2014-12-31,628689491.524749
Tennessee,TN,35.7449,-86.7489,2014-12-31,3124759155.1791844
Texas,TX,31.106,-97.6475,2014-12-31,11254325646.514624
Utah,UT,40.1135,-111.8535,2014-12-31,1705293430.0266666
Vermont,VT,44.0407,-72.7093,2014-12-31,394996828.0920136
Virginia,VA,37.768,-78.2057,2014-12-31,5108238381.820845
Washington,WA,47.3917,-121.5708,2014-12-31,2525362924.2330966
West Virginia,WV,38.468,-80.9696,2014-12-31,1325717807.0197177
Wisconsin,WI,44.2563,-89.6385,2014-12-31,2737880765.9897175
Wyoming,WY,42.7475,-107.2085,2014-12-31,239440159.1021614
Alabama,AL,32.799,-86.8073,2015-12-31,2729781357.9214287
Alaska,AK,61.385,-152.2683,2015-12-31,415238723.76199996
Arizona,AZ,33.7712,-111.3877,2015-12-31,6241051367.527839
Arkansas,AR,34.9513,-92.3809,2015-12-31,1334963163.4
California,CA,36.17,-119.7462,2015-12-31,16727837254.665184
Colorado,CO,39.0646,-105.3272,2015-12-31,2780371880.401291
Connecticut,CT,41.5834,-72.7622,2015-12-31,1711664970.7
Delaware,DE,39.3498,-75.5148,2015-12-31,407209807.35
District of Columbia,DC,38.9072,-77.037,2015-12-31,1667518725.5
Florida,FL,27.8333,-81.717,2015-12-31,8838564032.0297
Georgia,GA,32.9866,-83.6487,2015-12-31,5116975413.586689
Hawaii,HI,21.1098,-157.5311,2015-12-31,451957656.72
Idaho,ID,44.2394,-114.5103,2015-12-31,679872934.21
Illinois,IL,40.3363,-89.0022,2015-12-31,7469049674.004913
Indiana,IN,39.8647,-86.2604,2015-12-31,3883891185.2681694
Iowa,IA,42.0046,-93.214,2015-12-31,2421686819.7
Kansas,KS,38.5111,-96.8005,2015-12-31,1499228798.0
Kentucky,KY,37.669,-84.6514,2015-12-31,2157474470.8135786
Louisiana,LA,31.1801,-91.8749,2015-12-31,2176484426.319391
Maine,ME,44.6074,-69.3977,2015-12-31,657899840.9048359
Maryland,MD,39.0724,-76.7902,2015-12-31,2418090781.2839274
Massachusetts,MA,42.2373,-71.5314,2015-12-31,3951763992.255986
Michigan,MI,43.3504,-84.5603,2015-12-31,5170171423.315886
Minnesota,MN,45.7326,-93.9196,2015-12-31,4177354624.2407694
Mississippi,MS,32.7673,-89.6812,2015-12-31,1526910147.21
Missouri,MO,38.4623,-92.302,2015-12-31,3294846787.77258
Montana,MT,46.9048,-110.3261,2015-12-31,462528447.68
Nebraska,NE,41.1289,-98.2883,2015-12-31,1003334932.11
Nevada,NV,38.4199,-117.1219,2015-12-31,817331434.8199999
New Hampshire,NH,43.4108,-71.5653,2015-12-31,1061917977.44
New Jersey,NJ,40.314,-74.5089,2015-12-31,3221345476.0406265
New Mexico,NM,34.8375,-106.2371,2015-12-31,870397777.941682
New York,NY,42.1497,-74.9384,2015-12-31,11060800391.702934
North Carolina,NC,35.6411,-79.8431,2015-12-31,4234028616.9156327
North Dakota,ND,47.5362,-99.793,2015-12-31,371500995.605
Ohio,OH,40.3736,-82.7755,2015-12-31,5656542206.913425
Oklahoma,OK,35.5376,-96.9247,2015-12-31,1672978363.288661
Oregon,OR,44.5672,-122.1269,2015-12-31,2174406327.8342276
Pennsylvania,PA,40.5773,-77.264,2015-12-31,7516987147.139069
Rhode Island,RI,41.6772,-71.5101,2015-12-31,733435117.81
South Carolina,SC,33.8191,-80.9066,2015-12-31,2202213756.7581544
South Dakota,SD,44.2853,-99.4632,2015-12-31,589893532.85766
Tennessee,TN,35.7449,-86.7489,2015-12-31,3003457777.088171
Texas,TX,31.106,-97.6475,2015-12-31,10716225909.737106
Utah,UT,40.1135,-111.8535,2015-12-31,1549237437.165
Vermont,VT,44.0407,-72.7093,2015-12-31,442921893.61
Virginia,VA,37.768,-78.2057,2015-12-31,4286211234.7183285
Washington,WA,47.3917,-121.5708,2015-12-31,2506549879.7128687
West Virginia,WV,38.468,-80.9696,2015-12-31,1259501297.5700002
Wisconsin,WI,44.2563,-89.6385,2015-12-31,2513800854.0166483
Wyoming,WY,42.7475,-107.2085,2015-12-31,223082544.076
Alabama,AL,32.799,-86.8073,2016-12-31,2777873023.725931
Alaska,AK,61.385,-152.2683,2016-12-31,442445025.75699997
Arizona,AZ,33.7712,-111.3877,2016-12-31,6350539683.38539
Arkansas,AR,34.9513,-92.3809,2016-12-31,1349409057.69
California,CA,36.17,-119.7462,2016-12-31,16973949402.153957
Colorado,CO,39.0646,-105.3272,2016-12-31,2821226543.189088
Connecticut,CT,41.5834,-72.7622,2016-12-31,1737793179.5
Delaware,DE,39.3498,-75.5148,2016-12-31,413471484.69
District of Columbia,DC,38.9072,-77.037,2016-12-31,1692720160.0
Florida,FL,27.8333,-81.717,2016-12-31,8964002541.917433
Georgia,GA,32.9866,-83.6487,2016-12-31,5211385808.515443
Hawaii,HI,21.1098,-157.5311,2016-12-31,466122400.63
Idaho,ID,44.2394,-114.5103,2016-12-31,687456360.1800001
Illinois,IL,40.3363,-89.0022,2016-12-31,7559122434.976425
Indiana,IN,39.8647,-86.2604,2016-12-31,3925191883.120443
Iowa,IA,42.0046,-93.214,2016-12-31,2456539630.6
Kansas,KS,38.5111,-96.8005,2016-12-31,1530103359.53
Kentucky,KY,37.669,-84.6514,2016-12-31,2188350066.0231767
Louisiana,LA,31.1801,-91.8749,2016-12-31,2206503709.426673
Maine,ME,44.6074,-69.3977,2016-12-31,668633866.1548359
Maryland,MD,39.0724,-76.7902,2016-12-31,2471948328.630195
Massachusetts,MA,42.2373,-71.5314,2016-12-31,4009659208.607105
Michigan,MI,43.3504,-84.5603,2016-12-31,5221732633.1448765
Minnesota,MN,45.7326,-93.9196,2016-12-31,4252465415.3447657
Mississippi,MS,32.7673,-89.6812,2016-12-31,1535534822.0
Missouri,MO,38.4623,-92.302,2016-12-31,3336357595.7705126
Montana,MT,46.9048,-110.3261,2016-12-31,475210889.53
Nebraska,NE,41.1289,-98.2883,2016-12-31,1019453222.39
Nevada,NV,38.4199,-117.1219,2016-12-31,831275492.44
New Hampshire,NH,43.4108,-71.5653,2016-12-31,1079865401.21
New Jersey,NJ,40.314,-74.5089,2016-12-31,3270661158.8183966
New Mexico,NM,34.8375,-106.2371,2016-12-31,889208003.451682
New York,NY,42.1497,-74.9384,2016-12-31,11243013054.743942
North Carolina,NC,35.6411,-79.8431,2016-12-31,4293488602.385245
North Dakota,ND,47.5362,-99.793,2016-12-31,383307032.575
Ohio,OH,40.3736,-82.7755,2016-12-31,5743154881.500404
Oklahoma,OK,35.5376,-96.9247,2016-12-31,1693275053.0383568
Oregon,OR,44.5672,-122.1269,2016-12-31,2206412650.748229
Pennsylvania,PA,40.5773,-77.264,2016-12-31,7668455389.493414
Rhode Island,RI,41.6772,-71.5101,2016-12-31,742063568.1
South Carolina,SC,33.8191,-80.9066,2016-12-31,2240871269.153087
South Dakota,SD,44.2853,-99.4632,2016-12-31,605257851.36766
Tennessee,TN,35.7449,-86.7489,2016-12-31,3055602603.8334765
Texas,TX,31.106,-97.6475,2016-12-31,10896383072.927214
Utah,UT,40.1135,-111.8535,2016-12-31,1557121346.745
Vermont,VT,44.0407,-72.7093,2016-12-31,446551347.9
Virginia,VA,37.768,-78.2057,2016-12-31,4365120855.387941
Washington,WA,47.3917,-121.5708,2016-12-31,2555501919.323948
West Virginia,WV,38.468,-80.9696,2016-12-31,1265499499.62
Wisconsin,WI,44.2563,-89.6385,2016-12-31,2550987252.4357095
Wyoming,WY,42.7475,-107.2085,2016-12-31,235985162.953
